PacketCounter,SampleTimeFine,Quat_W,Quat_X,Quat_Y,Quat_Z,Acc_X,Acc_Y,Acc_Z,Gyr_X,Gyr_Y,Gyr_Z,
0, 905446808, 0.5119248032569885, -0.008349645882844925, -0.0006798175163567066, 0.8589893579483032, 0, 0, 0, 0, 0, 0, 
1, 905463475, 0.5120875835418701, -0.008386109955608845, -0.0005615887930616736, 0.8588922023773193, -0.13751031458377838, -0.11558093130588531, 10.328802108764648, 0.8269252777099609, 0.39259785413742065, 1.2507129907608032, 
2, 905480142, 0.5120200514793396, -0.008410480804741383, -0.0005046720616519451, 0.8589322566986084, -0.14691385626792908, -0.10664878785610199, 10.322391510009766, 0.8277320861816406, 0.37130093574523926, 1.2687572240829468, 
3, 905496809, 0.5124049186706543, -0.008445980958640575, -0.0004161863762419671, 0.8587024807929993, -0.14631684124469757, -0.09315042197704315, 10.323304176330566, 0.8622195720672607, 0.4524163603782654, 1.271997094154358, 
4, 905513476, 0.5122851729393005, -0.00846143253147602, -0.0002958923578262329, 0.8587737679481506, -0.16147932410240173, -0.1088036596775055, 10.33889102935791, 0.8548302054405212, 0.45324867963790894, 1.2949460744857788, 
5, 905530143, 0.5121548771858215, -0.008505149744451046, -0.00018148186791222543, 0.8588511347770691, -0.1665857881307602, -0.11069495975971222, 10.329745292663574, 0.8023625612258911, 0.43113213777542114, 1.2383930683135986, 
6, 905546810, 0.5120925903320312, -0.008560935966670513, -0.00006230000144569203, 0.8588876128196716, -0.145925372838974, -0.11736438423395157, 10.341691017150879, 0.8515133261680603, 0.40403398871421814, 1.2343465089797974, 
7, 905563477, 0.5117582082748413, -0.008603428490459919, 0.000026674675609683618, 0.8590865731239319, -0.1316387802362442, -0.10650379955768585, 10.346284866333008, 0.794960618019104, 0.3876674175262451, 1.1859641075134277, 
8, 905580144, 0.5116193294525146, -0.008625563234090805, 0.0001191882838611491, 0.859169065952301, -0.13925701379776, -0.10974980890750885, 10.317907333374023, 0.8368374109268188, 0.4639163911342621, 1.2727911472320557, 
9, 905596811, 0.5116907954216003, -0.008640207350254059, 0.00020255090203136206, 0.8591261506080627, -0.1498861461877823, -0.11260095238685608, 10.343550682067871, 0.8171411156654358, 0.45168638229370117, 1.2842785120010376, 
10, 905613478, 0.5116342306137085, -0.008653732016682625, 0.00029779429314658046, 0.8591598868370056, -0.1385822296142578, -0.11734896153211594, 10.333528518676758, 0.8689044713973999, 0.4875185191631317, 1.1990138292312622, 
11, 905630145, 0.5116192698478699, -0.00865177996456623, 0.0003785541921388358, 0.8591687679290771, -0.14806820452213287, -0.1018950492143631, 10.325249671936035, 0.8588131070137024, 0.3884486258029938, 1.2540810108184814, 
12, 905646812, 0.5112994909286499, -0.00865738745778799, 0.00046435679541900754, 0.8593589067459106, -0.15408557653427124, -0.11754019558429718, 10.321650505065918, 0.8475562930107117, 0.46216192841529846, 1.2088617086410522, 
13, 905663479, 0.511104166507721, -0.008660591207444668, 0.0005521072307601571, 0.8594750165939331, -0.16091445088386536, -0.1094106063246727, 10.33261489868164, 0.8720291256904602, 0.43432092666625977, 1.250751256942749, 
14, 905680146, 0.510769784450531, -0.008665572851896286, 0.0006511103129014373, 0.8596736192703247, -0.14764592051506042, -0.1141522005200386, 10.319859504699707, 0.9139059782028198, 0.4562966227531433, 1.2343335151672363, 
15, 905696813, 0.5106565356254578, -0.00867221038788557, 0.0007364486809819937, 0.8597408533096313, -0.15554022789001465, -0.11399424076080322, 10.321698188781738, 0.8253756165504456, 0.424472838640213, 1.169559121131897, 
16, 905713480, 0.5105575919151306, -0.008678067475557327, 0.0008174789254553616, 0.8597994446754456, -0.14294521510601044, -0.09887489676475525, 10.326263427734375, 0.7931932210922241, 0.39608117938041687, 1.267117977142334, 
17, 905730147, 0.5104368329048157, -0.008673341013491154, 0.0009097452857531607, 0.8598711490631104, -0.1442616879940033, -0.10631545633077621, 10.340960502624512, 0.8653697967529297, 0.3891913592815399, 1.2205156087875366, 
18, 905746814, 0.5103222727775574, -0.008677099831402302, 0.0010029916884377599, 0.8599388599395752, -0.145659938454628, -0.11749601364135742, 10.334627151489258, 0.8188571929931641, 0.44918909668922424, 1.2252283096313477, 
19, 905763481, 0.5101888179779053, -0.008676876313984394, 0.0010934708407148719, 0.8600179553031921, -0.13684996962547302, -0.11055941879749298, 10.307175636291504, 0.8286284804344177, 0.42369166016578674, 1.2039954662322998, 
20, 905780148, 0.5101192593574524, -0.008683718740940094, 0.0011709313839673996, 0.8600590825080872, -0.1500687450170517, -0.10536347329616547, 10.3117094039917, 0.7417117357254028, 0.4430676996707916, 1.2800524234771729, 
21, 905796815, 0.5099124908447266, -0.008684016764163971, 0.0012652052100747824, 0.8601815700531006, -0.14784668385982513, -0.11212028563022614, 10.333748817443848, 0.8548303246498108, 0.4599592983722687, 1.3227999210357666, 
22, 905813482, 0.5100242495536804, -0.008675698190927505, 0.00136092328466475, 0.8601153492927551, -0.16010500490665436, -0.09646622836589813, 10.330904960632324, 0.8538697957992554, 0.3982710838317871, 1.2483692169189453, 
23, 905830149, 0.5099722146987915, -0.00867148395627737, 0.001449872157536447, 0.8601459860801697, -0.1651112288236618, -0.09832458943128586, 10.331841468811035, 0.7973936796188354, 0.3950694501399994, 1.1876416206359863, 
24, 905846816, 0.5098950266838074, -0.008662023581564426, 0.0015457677654922009, 0.8601917624473572, -0.14892539381980896, -0.09590066224336624, 10.355707168579102, 0.8472360372543335, 0.3769229054450989, 1.2295951843261719, 
25, 905863483, 0.509791910648346, -0.008647700771689415, 0.0016523200320079923, 0.8602527379989624, -0.15937215089797974, -0.11435779184103012, 10.337510108947754, 0.9021753668785095, 0.38242965936660767, 1.2313114404678345, 
26, 905880150, 0.5096924901008606, -0.008642837405204773, 0.0017556146485731006, 0.8603114485740662, -0.1441068947315216, -0.1100497916340828, 10.327495574951172, 0.8671371936798096, 0.42771291732788086, 1.2450398206710815, 
27, 905896817, 0.5096688866615295, -0.008641360327601433, 0.0018595228902995586, 0.8603251576423645, -0.14360125362873077, -0.10377703607082367, 10.331144332885742, 0.8615023493766785, 0.4557075500488281, 1.26951265335083, 
28, 905913484, 0.5095441341400146, -0.008633536286652088, 0.0019598444923758507, 0.860399067401886, -0.14945481717586517, -0.09933111816644669, 10.320137023925781, 0.8628727197647095, 0.41229403018951416, 1.2819604873657227, 
29, 905930151, 0.5094411969184875, -0.008628806099295616, 0.0020612250082194805, 0.8604598641395569, -0.14179886877536774, -0.102974072098732, 10.347688674926758, 0.859773576259613, 0.4368310272693634, 1.2654787302017212, 
30, 905946818, 0.5092715620994568, -0.00861926656216383, 0.002158945659175515, 0.8605601787567139, -0.1559230238199234, -0.11140834540128708, 10.320267677307129, 0.8381947875022888, 0.3944036066532135, 1.281998872756958, 
31, 905963485, 0.5092054605484009, -0.0086173415184021, 0.002258892869576812, 0.8605991005897522, -0.14729313552379608, -0.10965430736541748, 10.341383934020996, 0.8386110663414001, 0.45078352093696594, 1.2358896732330322, 
32, 905980152, 0.5090939402580261, -0.008604036644101143, 0.002357825404033065, 0.8606647849082947, -0.14944809675216675, -0.10518350452184677, 10.335875511169434, 0.8620017170906067, 0.3759239912033081, 1.2067358493804932, 
33, 905996819, 0.5089884996414185, -0.008592882193624973, 0.0024557937867939472, 0.8607269525527954, -0.1533357948064804, -0.10636860132217407, 10.31210994720459, 0.8530757427215576, 0.3874496817588806, 1.200921893119812, 
34, 906013486, 0.5089391469955444, -0.008585348725318909, 0.0025551815051585436, 0.8607559204101562, -0.15008598566055298, -0.10930339992046356, 10.320417404174805, 0.8597670197486877, 0.419497549533844, 1.2335970401763916, 
35, 906030153, 0.5089040994644165, -0.008573856204748154, 0.0026630456559360027, 0.8607763648033142, -0.14218880236148834, -0.10678921639919281, 10.314061164855957, 0.9163712859153748, 0.42316022515296936, 1.2148616313934326, 
36, 906046820, 0.5089044570922852, -0.008563759736716747, 0.0027622473426163197, 0.8607759475708008, -0.14262938499450684, -0.10487557202577591, 10.3278169631958, 0.8612462878227234, 0.4048663377761841, 1.2574363946914673, 
37, 906063487, 0.5088343620300293, -0.008545314893126488, 0.0028545381501317024, 0.8608172535896301, -0.15224677324295044, -0.11480182409286499, 10.339807510375977, 0.8443418145179749, 0.3303973972797394, 1.2618416547775269, 
38, 906080154, 0.5087266564369202, -0.008537202142179012, 0.002957782242447138, 0.8608806729316711, -0.14412826299667358, -0.10605068504810333, 10.324244499206543, 0.8696984648704529, 0.42591995000839233, 1.2196447849273682, 
39, 906096821, 0.5086701512336731, -0.008529831655323505, 0.003051576903089881, 0.860913872718811, -0.15557366609573364, -0.11066891252994537, 10.318782806396484, 0.8178582787513733, 0.4034448564052582, 1.2384699583053589, 
40, 906113488, 0.5086312890052795, -0.00853215716779232, 0.003151203505694866, 0.8609364628791809, -0.14159439504146576, -0.11741930991411209, 10.329941749572754, 0.8234291076660156, 0.4811025857925415, 1.2036751508712769, 
41, 906130155, 0.5085555911064148, -0.008516954258084297, 0.0032408852130174637, 0.8609809875488281, -0.15550388395786285, -0.10554862022399902, 10.327960014343262, 0.8214697241783142, 0.3419743478298187, 1.2420942783355713, 
42, 906146822, 0.5084500908851624, -0.008510855957865715, 0.003340809838846326, 0.8610429763793945, -0.14839604496955872, -0.09762328118085861, 10.327038764953613, 0.8542410731315613, 0.4308120012283325, 1.195005178451538, 
43, 906163489, 0.5083500146865845, -0.008511582389473915, 0.003448492381721735, 0.8611016869544983, -0.1391019970178604, -0.11260569095611572, 10.32820987701416, 0.873604416847229, 0.4987368881702423, 1.2069921493530273, 
44, 906180156, 0.508249819278717, -0.00850567128509283, 0.003548894077539444, 0.861160397529602, -0.13530243933200836, -0.11140380054712296, 10.363058090209961, 0.855124831199646, 0.4365108609199524, 1.1867836713790894, 
45, 906196823, 0.5081313252449036, -0.008494245819747448, 0.0036371818277984858, 0.8612300753593445, -0.14726652204990387, -0.10161811858415604, 10.342778205871582, 0.7804958820343018, 0.3530583083629608, 1.250168800354004, 
46, 906213490, 0.5080507397651672, -0.008489709347486496, 0.0037358333356678486, 0.8612772226333618, -0.1491939276456833, -0.09297829866409302, 10.325309753417969, 0.8296273946762085, 0.43777868151664734, 1.232591986656189, 
47, 906230157, 0.5079679489135742, -0.008472517132759094, 0.003829721827059984, 0.8613258600234985, -0.15535195171833038, -0.10467923432588577, 10.347433090209961, 0.8542858958244324, 0.35236671566963196, 1.2372854948043823, 
48, 906246824, 0.5079231858253479, -0.008474721573293209, 0.003934674896299839, 0.8613516688346863, -0.16271936893463135, -0.09802243113517761, 10.303407669067383, 0.8341671824455261, 0.49692481756210327, 1.2601319551467896, 
49, 906263491, 0.5078902840614319, -0.008468596264719963, 0.004025207832455635, 0.8613708019256592, -0.14038914442062378, -0.0872279554605484, 10.33092212677002, 0.8064799308776855, 0.4100593626499176, 1.2212519645690918, 
50, 906280158, 0.5079994797706604, -0.008457839488983154, 0.004133980255573988, 0.8613060116767883, -0.15382733941078186, -0.10481417179107666, 10.322859764099121, 0.8958873152732849, 0.4374457001686096, 1.2770812511444092, 
51, 906296825, 0.508003830909729, -0.00844868179410696, 0.00423366017639637, 0.8613030910491943, -0.14442093670368195, -0.10371286422014236, 10.347678184509277, 0.8507962226867676, 0.4178391098976135, 1.2196959257125854, 
52, 906313492, 0.5079339146614075, -0.008430501446127892, 0.00433892197906971, 0.8613439798355103, -0.1473304033279419, -0.10318603366613388, 10.330309867858887, 0.903455913066864, 0.3768332302570343, 1.2939088344573975, 
53, 906330159, 0.5078669190406799, -0.008415301330387592, 0.004433825146406889, 0.8613831400871277, -0.1459055244922638, -0.10878206044435501, 10.325876235961914, 0.8443801999092102, 0.3650258183479309, 1.2823060750961304, 
54, 906346826, 0.5078607797622681, -0.008405689150094986, 0.004544214811176062, 0.8613862991333008, -0.1505577117204666, -0.08849599212408066, 10.328368186950684, 0.918644368648529, 0.45524656772613525, 1.1549086570739746, 
55, 906363493, 0.5078067183494568, -0.00839327648282051, 0.004641829524189234, 0.8614176511764526, -0.14033851027488708, -0.10431338101625443, 10.333285331726074, 0.8504889607429504, 0.3926362991333008, 1.2469223737716675, 
56, 906380160, 0.5076830983161926, -0.008379663340747356, 0.00474372785538435, 0.8614901304244995, -0.15053047239780426, -0.10185714811086655, 10.311254501342773, 0.8816083669662476, 0.3998975157737732, 1.2748528718948364, 
57, 906396827, 0.5076199173927307, -0.00837119109928608, 0.004835803527384996, 0.8615270256996155, -0.1567213535308838, -0.10606112331151962, 10.334223747253418, 0.817807137966156, 0.40364980697631836, 1.2483566999435425, 
58, 906413494, 0.5078164935112, -0.008357695303857327, 0.004942717961966991, 0.8614106178283691, -0.14956754446029663, -0.09634949266910553, 10.336931228637695, 0.8867436051368713, 0.418645977973938, 1.2706266641616821, 
59, 906430161, 0.5077397227287292, -0.008348505944013596, 0.0050462051294744015, 0.8614553809165955, -0.15511886775493622, -0.11821348965167999, 10.344596862792969, 0.8703514933586121, 0.4297490417957306, 1.3057419061660767, 
60, 906446828, 0.5077296495437622, -0.008333220146596432, 0.005149088334292173, 0.8614608645439148, -0.15430238842964172, -0.10842792689800262, 10.32254695892334, 0.8817490339279175, 0.390407919883728, 1.2118326425552368, 
61, 906463495, 0.5077234506607056, -0.008326067589223385, 0.005250091198831797, 0.8614638447761536, -0.14010022580623627, -0.10501772910356522, 10.327240943908691, 0.8604331016540527, 0.43765702843666077, 1.142531394958496, 
62, 906480162, 0.507666289806366, -0.008325010538101196, 0.005337045527994633, 0.8614970445632935, -0.14794830977916718, -0.10985533893108368, 10.32913875579834, 0.7547422051429749, 0.4253501296043396, 1.303724765777588, 
63, 906496829, 0.5076154470443726, -0.008309648372232914, 0.005436479579657316, 0.861526608467102, -0.14495161175727844, -0.08845982700586319, 10.313309669494629, 0.8782274723052979, 0.3841969072818756, 1.2553232908248901, 
64, 906513496, 0.5076022744178772, -0.008304452523589134, 0.005536854732781649, 0.8615338206291199, -0.15049655735492706, -0.09796836227178574, 10.348273277282715, 0.8569625616073608, 0.45486879348754883, 1.2473129034042358, 
65, 906530163, 0.5075414776802063, -0.008290210738778114, 0.005636255722492933, 0.8615690469741821, -0.13727647066116333, -0.10690521448850632, 10.327532768249512, 0.8628597855567932, 0.3847603499889374, 1.2028300762176514, 
66, 906546830, 0.507487416267395, -0.008285006508231163, 0.005732197314500809, 0.8616003394126892, -0.13963578641414642, -0.11359456181526184, 10.32127571105957, 0.8248378038406372, 0.43462833762168884, 1.2293137311935425, 
67, 906563497, 0.5074316263198853, -0.008281719870865345, 0.00583612872287631, 0.8616325259208679, -0.1501031219959259, -0.11000421643257141, 10.321191787719727, 0.8718499541282654, 0.4788230061531067, 1.2897980213165283, 
68, 906580164, 0.5073488354682922, -0.008271136321127415, 0.005927998572587967, 0.8616806864738464, -0.14782889187335968, -0.10449294745922089, 10.331253051757812, 0.8281610608100891, 0.3925018012523651, 1.290367841720581, 
69, 906596831, 0.5073475241661072, -0.008258666843175888, 0.006024287547916174, 0.8616809248924255, -0.16207052767276764, -0.10791176557540894, 10.333086967468262, 0.8497012853622437, 0.39510148763656616, 1.244533896446228, 
70, 906613498, 0.5073243379592896, -0.00824004877358675, 0.00611914461478591, 0.8616940975189209, -0.15386579930782318, -0.10014493763446808, 10.323929786682129, 0.8647936582565308, 0.35210418701171875, 1.2236659526824951, 
71, 906630165, 0.5073228478431702, -0.00823091808706522, 0.006214000750333071, 0.8616945147514343, -0.14335034787654877, -0.10711950063705444, 10.318718910217285, 0.8376760482788086, 0.41158327460289, 1.2353132963180542, 
72, 906646832, 0.507331907749176, -0.00822683796286583, 0.006314714904874563, 0.8616883754730225, -0.13747461140155792, -0.10646983236074448, 10.327061653137207, 0.8579806685447693, 0.4655812978744507, 1.252954125404358, 
73, 906663499, 0.5073302388191223, -0.008215119130909443, 0.006395116914063692, 0.8616889119148254, -0.1645641177892685, -0.10284768790006638, 10.344218254089355, 0.7604922652244568, 0.3480125665664673, 1.251961588859558, 
74, 906680166, 0.5072664022445679, -0.008206457830965519, 0.006495173089206219, 0.8617258667945862, -0.12828978896141052, -0.11193225532770157, 10.32738208770752, 0.859754204750061, 0.426553875207901, 1.292672872543335, 
75, 906696833, 0.5072259306907654, -0.008199777454137802, 0.0065858568996191025, 0.8617489337921143, -0.1521613597869873, -0.09488888829946518, 10.328743934631348, 0.8105650544166565, 0.41378599405288696, 1.2565077543258667, 
76, 906713500, 0.5071665644645691, -0.008186174556612968, 0.006674760486930609, 0.8617833256721497, -0.15217047929763794, -0.1162685751914978, 10.328304290771484, 0.8237044215202332, 0.3671708405017853, 1.2881522178649902, 
77, 906730167, 0.5071378350257874, -0.00817803293466568, 0.0067628296092152596, 0.8617996573448181, -0.1431857943534851, -0.1094576045870781, 10.321919441223145, 0.8024458289146423, 0.39690718054771423, 1.1943202018737793, 
78, 906746834, 0.5071547031402588, -0.008174816146492958, 0.006858357694000006, 0.8617890477180481, -0.15848027169704437, -0.11479602009057999, 10.32560920715332, 0.8311064839363098, 0.4564566910266876, 1.206178903579712, 
79, 906763501, 0.5070902705192566, -0.0081692049279809, 0.006953506730496883, 0.8618262410163879, -0.14048901200294495, -0.10532564669847488, 10.334817886352539, 0.8438039422035217, 0.43770185112953186, 1.2359346151351929, 
80, 906780168, 0.507031261920929, -0.008160366676747799, 0.007041062694042921, 0.861860454082489, -0.14459598064422607, -0.11030752956867218, 10.323965072631836, 0.8017927408218384, 0.3906576931476593, 1.3050822019577026, 
81, 906796835, 0.506978452205658, -0.00814730953425169, 0.007134413346648216, 0.8618906736373901, -0.14138908684253693, -0.11143888533115387, 10.32226848602295, 0.8639291524887085, 0.39090102910995483, 1.1766859292984009, 
82, 906813502, 0.5069933533668518, -0.008136344142258167, 0.007228523027151823, 0.8618812561035156, -0.13962596654891968, -0.10167190432548523, 10.325813293457031, 0.8546189069747925, 0.4094190001487732, 1.2895866632461548, 
83, 906830169, 0.5069794654846191, -0.00812436081469059, 0.007316275499761105, 0.8618888258934021, -0.13944140076637268, -0.08360021561384201, 10.321845054626465, 0.8231025338172913, 0.3810913562774658, 1.279072642326355, 
84, 906846836, 0.5069199204444885, -0.008113298565149307, 0.00741735240444541, 0.8619231581687927, -0.15064968168735504, -0.10627998411655426, 10.320464134216309, 0.9080213904380798, 0.43454498052597046, 1.185509204864502, 
85, 906863503, 0.506938099861145, -0.00810390617698431, 0.007512671872973442, 0.8619116544723511, -0.16214753687381744, -0.1049908846616745, 10.327722549438477, 0.861624002456665, 0.42701488733291626, 1.2583006620407104, 
86, 906880170, 0.5068955421447754, -0.008094224147498608, 0.007604389917105436, 0.861936092376709, -0.15077975392341614, -0.10734245181083679, 10.324302673339844, 0.8434902429580688, 0.40802308917045593, 1.2182552814483643, 
87, 906896837, 0.5068590641021729, -0.008081698790192604, 0.0076878671534359455, 0.8619568347930908, -0.15481077134609222, -0.10549721121788025, 10.331624984741211, 0.807350754737854, 0.3656724989414215, 1.2644093036651611, 
88, 906913504, 0.5067931413650513, -0.008071358315646648, 0.007781879045069218, 0.8619948625564575, -0.15652789175510406, -0.093986377120018, 10.321355819702148, 0.8623795509338379, 0.41112223267555237, 1.2289742231369019, 
89, 906930171, 0.5068095326423645, -0.00806246418505907, 0.007866361178457737, 0.8619844317436218, -0.15089114010334015, -0.10248542577028275, 10.323517799377441, 0.8032910823822021, 0.39357754588127136, 1.1870461702346802, 
90, 906946838, 0.5067527890205383, -0.008049712516367435, 0.00796095747500658, 0.862017035484314, -0.1478775143623352, -0.1091153547167778, 10.330185890197754, 0.8829979300498962, 0.4028621315956116, 1.181641936302185, 
91, 906963505, 0.5067327618598938, -0.008047420531511307, 0.008068585768342018, 0.8620278835296631, -0.14225976169109344, -0.10504356771707535, 10.365033149719238, 0.9165376424789429, 0.5109861493110657, 1.2224299907684326, 
92, 906980172, 0.5066817998886108, -0.008039392530918121, 0.008164986036717892, 0.8620570302009583, -0.14734767377376556, -0.10813010483980179, 10.342243194580078, 0.8503031730651855, 0.4252732992172241, 1.228782057762146, 
93, 906996839, 0.5066836476325989, -0.008025282993912697, 0.008257688954472542, 0.8620553016662598, -0.15374326705932617, -0.10015462338924408, 10.326507568359375, 0.8629175424575806, 0.38878801465034485, 1.2112374305725098, 
94, 907013506, 0.5066723823547363, -0.008017606101930141, 0.008340402506291866, 0.8620610237121582, -0.1625957190990448, -0.10751171410083771, 10.324825286865234, 0.7954855561256409, 0.3980405330657959, 1.2730599641799927, 
95, 907030173, 0.5066593885421753, -0.008012484759092331, 0.008432542905211449, 0.8620678186416626, -0.14122359454631805, -0.10046124458312988, 10.354290008544922, 0.8475818037986755, 0.44632047414779663, 1.2031246423721313, 
96, 907046840, 0.5066231489181519, -0.00800613034516573, 0.008530287072062492, 0.8620882630348206, -0.14362218976020813, -0.11331335455179214, 10.324434280395508, 0.8651329278945923, 0.4486960470676422, 1.290098786354065, 
97, 907063507, 0.5066136121749878, -0.008002445101737976, 0.00863219890743494, 0.8620929718017578, -0.14808514714241028, -0.10897484421730042, 10.34543228149414, 0.9059147834777832, 0.49257707595825195, 1.181584358215332, 
98, 907080174, 0.5066025257110596, -0.007991902530193329, 0.008724754676222801, 0.8620986342430115, -0.15948054194450378, -0.10701625794172287, 10.33618450164795, 0.8599848747253418, 0.41187784075737, 1.2191901206970215, 
99, 907096841, 0.5065627098083496, -0.007986074313521385, 0.00882803089916706, 0.8621209263801575, -0.13681824505329132, -0.09780900180339813, 10.339974403381348, 0.9194958806037903, 0.48035338521003723, 1.2080740928649902, 
100, 907113508, 0.5065401196479797, -0.007985512726008892, 0.008917427621781826, 0.8621333241462708, -0.14519529044628143, -0.10666227340698242, 10.342023849487305, 0.8159053921699524, 0.46421733498573303, 1.2084583044052124, 
101, 907130175, 0.506554126739502, -0.007974976673722267, 0.009012182243168354, 0.8621242046356201, -0.14452612400054932, -0.10356046259403229, 10.330137252807617, 0.8807567358016968, 0.4270661771297455, 1.2167057991027832, 
102, 907146842, 0.5065443515777588, -0.007962137460708618, 0.00910837110131979, 0.8621291518211365, -0.15548710525035858, -0.09044961631298065, 10.33067512512207, 0.9099423289299011, 0.42295530438423157, 1.259594202041626, 
103, 907163509, 0.5065163969993591, -0.007958565838634968, 0.009207616560161114, 0.8621446490287781, -0.15450544655323029, -0.10086137801408768, 10.320972442626953, 0.8988648653030396, 0.4887799322605133, 1.261143684387207, 
104, 907180176, 0.5064921379089355, -0.007951346226036549, 0.009300315752625465, 0.8621578216552734, -0.13776038587093353, -0.094650998711586, 10.335768699645996, 0.8846113681793213, 0.4487985074520111, 1.1927193403244019, 
105, 907196843, 0.5064693093299866, -0.007942240685224533, 0.009391991421580315, 0.862170398235321, -0.14541389048099518, -0.10980261117219925, 10.345329284667969, 0.874315083026886, 0.43038296699523926, 1.2109428644180298, 
106, 907213510, 0.5064585208892822, -0.007931283675134182, 0.009488657116889954, 0.8621756434440613, -0.14460566639900208, -0.10385829210281372, 10.336119651794434, 0.9026684165000916, 0.4356591999530792, 1.277471899986267, 
107, 907230177, 0.5064704418182373, -0.00791463814675808, 0.00957461353391409, 0.8621679544448853, -0.1391112506389618, -0.11109316349029541, 10.345649719238281, 0.8690005540847778, 0.3707694709300995, 1.2207142114639282, 
108, 907246844, 0.5064392685890198, -0.007908756844699383, 0.009660113602876663, 0.8621851801872253, -0.1541583240032196, -0.11574559658765793, 10.329190254211426, 0.8265474438667297, 0.42844921350479126, 1.2409864664077759, 
109, 907263511, 0.5064317584037781, -0.007895266637206078, 0.009742849506437778, 0.8621889352798462, -0.15765048563480377, -0.10221189260482788, 10.32154655456543, 0.8530052304267883, 0.38224390149116516, 1.1967147588729858, 
110, 907280178, 0.5064000487327576, -0.007884031161665916, 0.009823644533753395, 0.8622068166732788, -0.14364737272262573, -0.1044568195939064, 10.336535453796387, 0.8447452187538147, 0.39278358221054077, 1.2358767986297607, 
111, 907296845, 0.5063924193382263, -0.007885584607720375, 0.009908025152981281, 0.8622100949287415, -0.15853990614414215, -0.11181396245956421, 10.356795310974121, 0.80879145860672, 0.47784969210624695, 1.2278791666030884, 
112, 907313512, 0.5063863396644592, -0.00787553284317255, 0.010002768598496914, 0.8622128367424011, -0.14940468966960907, -0.10860581696033478, 10.329447746276855, 0.8965277671813965, 0.43840616941452026, 1.233142614364624, 
113, 907330179, 0.5063607096672058, -0.007860193029046059, 0.010085208341479301, 0.8622270822525024, -0.15267889201641083, -0.10838568955659866, 10.33499526977539, 0.8704732656478882, 0.37531572580337524, 1.255176067352295, 
114, 907346846, 0.5063213109970093, -0.007860646583139896, 0.010171680711209774, 0.8622491359710693, -0.1531636118888855, -0.10969335585832596, 10.326884269714355, 0.8383932113647461, 0.4814418852329254, 1.232956886291504, 
115, 907363513, 0.5063468217849731, -0.007854125462472439, 0.010251885280013084, 0.8622332215309143, -0.14799365401268005, -0.09976650774478912, 10.336841583251953, 0.8298385143280029, 0.42679721117019653, 1.240256428718567, 
116, 907380180, 0.5063310861587524, -0.007845777086913586, 0.010338709689676762, 0.8622415065765381, -0.15264345705509186, -0.11075778305530548, 10.336289405822754, 0.875339686870575, 0.4334949254989624, 1.2035919427871704, 
117, 907396847, 0.506353497505188, -0.007838215678930283, 0.010418925434350967, 0.8622274398803711, -0.15515409409999847, -0.11051186919212341, 10.343685150146484, 0.8335076570510864, 0.41904300451278687, 1.1625027656555176, 
118, 907413514, 0.5063578486442566, -0.007831818424165249, 0.010498451068997383, 0.8622239232063293, -0.1511719524860382, -0.10976014286279678, 10.356637001037598, 0.8215081691741943, 0.42042604088783264, 1.239456057548523, 
119, 907430181, 0.5129655003547668, -0.008773602545261383, -0.0009879235876724124, 0.8583638072013855, -0.14391690492630005, -0.10442844778299332, 10.340188980102539, 0.8952662944793701, 0.49598994851112366, 1.2454687356948853, 
120, 907446848, 0.5129919052124023, -0.008775638416409492, -0.0009959754534065723, 0.8583479523658752, -0.14716322720050812, -0.09870642423629761, 10.342835426330566, 0.7986424565315247, 0.4070754647254944, 1.188698410987854, 
121, 907463515, 0.5129193663597107, -0.008776258677244186, -0.00098856829572469, 0.8583914637565613, -0.14312949776649475, -0.11108038574457169, 10.316802024841309, 0.8992619514465332, 0.455841988325119, 1.2526658773422241, 
122, 907480182, 0.5128669142723083, -0.008774274960160255, -0.0009956683497875929, 0.8584226965904236, -0.14105869829654694, -0.09189029037952423, 10.320934295654297, 0.82224440574646, 0.3889032304286957, 1.2670602798461914, 
123, 907496849, 0.5128139853477478, -0.00877182837575674, -0.0009984326316043735, 0.8584543466567993, -0.15612222254276276, -0.1105823963880539, 10.323235511779785, 0.8492147326469421, 0.4022090435028076, 1.2121210098266602, 
124, 907513516, 0.5127834677696228, -0.008782248012721539, -0.0010051724966615438, 0.858472466468811, -0.14760857820510864, -0.09200374037027359, 10.325623512268066, 0.7781010866165161, 0.462693452835083, 1.2549326419830322, 
125, 907530183, 0.5127514004707336, -0.008784660138189793, -0.00101208605337888, 0.8584915995597839, -0.14477932453155518, -0.11610334366559982, 10.332029342651367, 0.8059099316596985, 0.4140356779098511, 1.2255868911743164, 
126, 907546850, 0.5127188563346863, -0.008786565624177456, -0.0010070449206978083, 0.8585109710693359, -0.15271498262882233, -0.11080799996852875, 10.352921485900879, 0.8781570792198181, 0.45342162251472473, 1.2271684408187866, 
127, 907563517, 0.5126498341560364, -0.008770008571445942, -0.0010085206013172865, 0.8585525155067444, -0.15054278075695038, -0.10548493266105652, 10.324496269226074, 0.9059211611747742, 0.32236143946647644, 1.2753970623016357, 
128, 907580184, 0.5125995874404907, -0.008774635381996632, -0.001007216633297503, 0.8585824370384216, -0.15133175253868103, -0.09369795769453049, 10.321475982666016, 0.8470567464828491, 0.4575260877609253, 1.2342312335968018, 
129, 907596851, 0.5125653743743896, -0.008775290101766586, -0.0010080678621307015, 0.8586028814315796, -0.1521461009979248, -0.11358614265918732, 10.336878776550293, 0.8468711376190186, 0.4244280755519867, 1.2651008367538452, 
130, 907613518, 0.5125259757041931, -0.008769129402935505, -0.0010065257083624601, 0.8586263656616211, -0.1338958591222763, -0.10745161771774292, 10.329750061035156, 0.8850212693214417, 0.3932958245277405, 1.2216616868972778, 
131, 907630185, 0.5124820470809937, -0.008775659836828709, -0.0010113368043676019, 0.8586524724960327, -0.14303144812583923, -0.11553151160478592, 10.33089542388916, 0.8028300404548645, 0.44487980008125305, 1.2980515956878662, 
132, 907646852, 0.5124409198760986, -0.008767417632043362, -0.0010085591347888112, 0.858677089214325, -0.15130673348903656, -0.1214117556810379, 10.340250968933105, 0.9002864956855774, 0.38582974672317505, 1.2391552925109863, 
133, 907663519, 0.5124004483222961, -0.008765818551182747, -0.0010079008061438799, 0.858701229095459, -0.14533832669258118, -0.10968483239412308, 10.315337181091309, 0.864646315574646, 0.4177047312259674, 1.1817572116851807, 
134, 907680186, 0.5123761892318726, -0.008766119368374348, -0.0010183060076087713, 0.8587158918380737, -0.14817576110363007, -0.09544497728347778, 10.334162712097168, 0.7921624183654785, 0.38836535811424255, 1.2333283424377441, 
135, 907696853, 0.5123539566993713, -0.008763247169554234, -0.0010112690506502986, 0.8587290644645691, -0.14318422973155975, -0.11012354493141174, 10.35317611694336, 0.9043140411376953, 0.43074801564216614, 1.2835612297058105, 
136, 907713520, 0.5123079419136047, -0.008760997094213963, -0.0010142496321350336, 0.8587565422058105, -0.14195400476455688, -0.09890957176685333, 10.335527420043945, 0.8446043133735657, 0.4000703692436218, 1.2729254961013794, 
137, 907730187, 0.5122858285903931, -0.008761993609368801, -0.001011979766190052, 0.8587697148323059, -0.14955973625183105, -0.09414812177419662, 10.331701278686523, 0.8636026978492737, 0.43718960881233215, 1.1707885265350342, 
138, 907746854, 0.512238085269928, -0.00876606535166502, -0.0010103719541803002, 0.8587981462478638, -0.15842269361019135, -0.11418413370847702, 10.333283424377441, 0.8483054637908936, 0.4534984230995178, 1.284361720085144, 
139, 907763521, 0.5122188925743103, -0.008775590918958187, -0.0010111500741913915, 0.8588094711303711, -0.15200404822826385, -0.12144201993942261, 10.32186508178711, 0.8153034448623657, 0.4772413969039917, 1.1877503395080566, 
140, 907780188, 0.512197732925415, -0.008774815127253532, -0.0010197835508733988, 0.8588221073150635, -0.16284900903701782, -0.10536834597587585, 10.32764720916748, 0.8056474924087524, 0.38816049695014954, 1.1900557279586792, 
141, 907796855, 0.5121586322784424, -0.008771577849984169, -0.001014740439131856, 0.8588454723358154, -0.14391587674617767, -0.10089075565338135, 10.338906288146973, 0.8942418098449707, 0.42118802666664124, 1.2845410108566284, 
142, 907813522, 0.5121211409568787, -0.008782504126429558, -0.0010152492905035615, 0.8588677644729614, -0.14527541399002075, -0.09940630942583084, 10.331628799438477, 0.811423122882843, 0.4848099946975708, 1.2835164070129395, 
143, 907830189, 0.512061595916748, -0.008776398375630379, -0.00100606307387352, 0.8589032888412476, -0.1393815279006958, -0.11036726087331772, 10.343246459960938, 0.9313673973083496, 0.42139291763305664, 1.1668249368667603, 
144, 907846856, 0.5120304226875305, -0.008773851208388805, -0.0010138567304238677, 0.858922004699707, -0.13982295989990234, -0.11258219182491302, 10.337952613830566, 0.8151240944862366, 0.3791959881782532, 1.2969245910644531, 
145, 907863523, 0.5119920372962952, -0.008775112219154835, -0.0010155432391911745, 0.8589447140693665, -0.14617425203323364, -0.12395501881837845, 10.32555866241455, 0.8388159275054932, 0.4246201515197754, 1.2577886581420898, 
146, 907880190, 0.511962354183197, -0.008780164644122124, -0.0010115336626768112, 0.85896235704422, -0.16399990022182465, -0.09593318402767181, 10.34542179107666, 0.8588834404945374, 0.46740618348121643, 1.249822974205017, 
147, 907896857, 0.511948823928833, -0.008787599392235279, -0.0010157747892662883, 0.8589704632759094, -0.16060540080070496, -0.10130245238542557, 10.309152603149414, 0.8011651635169983, 0.45066821575164795, 1.2365044355392456, 
148, 907913524, 0.5119091868400574, -0.008793920278549194, -0.0010056353639811277, 0.8589940071105957, -0.15040749311447144, -0.116277776658535, 10.328330993652344, 0.8893113732337952, 0.49413302540779114, 1.3209751844406128, 
149, 907930191, 0.5118787884712219, -0.008794273249804974, -0.0010173842310905457, 0.8590121865272522, -0.1458093822002411, -0.12128540873527527, 10.323244094848633, 0.7831083536148071, 0.3836270272731781, 1.221200704574585, 
150, 907946858, 0.5118471384048462, -0.008787810802459717, -0.0010274318046867847, 0.859031081199646, -0.1633758842945099, -0.10147850215435028, 10.324139595031738, 0.8160077333450317, 0.34784606099128723, 1.2845025062561035, 
151, 907963525, 0.5118287205696106, -0.008790074847638607, -0.0010303844464942813, 0.8590420484542847, -0.15948915481567383, -0.1179974377155304, 10.335047721862793, 0.82721346616745, 0.4252732992172241, 1.1880323886871338, 
152, 907980192, 0.5118221640586853, -0.008793268352746964, -0.001025326899252832, 0.8590458631515503, -0.15687763690948486, -0.10809560120105743, 10.343085289001465, 0.8702938556671143, 0.45702019333839417, 1.2378743886947632, 
153, 907996859, 0.5117917060852051, -0.008791699074208736, -0.0010273081716150045, 0.8590640425682068, -0.15225042402744293, -0.1026676669716835, 10.32934284210205, 0.8462052345275879, 0.4045654237270355, 1.2903038263320923, 
154, 908013526, 0.5117495059967041, -0.008787943981587887, -0.0010228232713416219, 0.8590892553329468, -0.14635616540908813, -0.10214676707983017, 10.331396102905273, 0.8928074240684509, 0.4156172573566437, 1.2511932849884033, 
155, 908030193, 0.5117390751838684, -0.008781218901276588, -0.0010219784453511238, 0.859095573425293, -0.13942892849445343, -0.11834020167589188, 10.326804161071777, 0.8808335065841675, 0.3840368092060089, 1.2115062475204468, 
156, 908046860, 0.5117248892784119, -0.008786355145275593, -0.0010224224533885717, 0.859103798866272, -0.1488833874464035, -0.11442848294973373, 10.322953224182129, 0.8321566581726074, 0.44957974553108215, 1.178619623184204, 
157, 908063527, 0.5116831064224243, -0.008783980272710323, -0.0010228811297565699, 0.8591287136077881, -0.1463112235069275, -0.10223983973264694, 10.34280776977539, 0.8588067293167114, 0.40621742606163025, 1.265023946762085, 
158, 908080194, 0.5116565823554993, -0.008771669119596481, -0.0010264148004353046, 0.8591446876525879, -0.14359912276268005, -0.10431437194347382, 10.320165634155273, 0.8749939203262329, 0.33571845293045044, 1.248542308807373, 
159, 908096861, 0.5116174817085266, -0.008778258226811886, -0.0010215556249022484, 0.8591679334640503, -0.13727618753910065, -0.10697927325963974, 10.339766502380371, 0.8571930527687073, 0.4776512384414673, 1.3070672750473022, 
160, 908113528, 0.5115846395492554, -0.008791763335466385, -0.0010127326240763068, 0.8591873049736023, -0.14747890830039978, -0.11535729467868805, 10.32357406616211, 0.8583328723907471, 0.5326417684555054, 1.187084674835205, 
161, 908130195, 0.5115584135055542, -0.008787443861365318, -0.0010117341298609972, 0.8592029213905334, -0.1494748294353485, -0.10924903303384781, 10.317010879516602, 0.8738028407096863, 0.40000635385513306, 1.2218921184539795, 
162, 908146862, 0.5115417838096619, -0.008791557513177395, -0.0010140733793377876, 0.8592129349708557, -0.15398988127708435, -0.10341157019138336, 10.34707260131836, 0.8231794238090515, 0.4368630349636078, 1.2264001369476318, 
163, 908163529, 0.5115158557891846, -0.00879555381834507, -0.0010153825860470533, 0.8592283725738525, -0.15622469782829285, -0.10914994031190872, 10.322654724121094, 0.8306710720062256, 0.4407689869403839, 1.2280265092849731, 
164, 908180196, 0.5115038156509399, -0.008793605491518974, -0.0010182918049395084, 0.859235405921936, -0.14785008132457733, -0.10839909315109253, 10.336675643920898, 0.8418508768081665, 0.3983798921108246, 1.2158987522125244, 
165, 908196863, 0.5114781856536865, -0.008791983127593994, -0.0010183032136410475, 0.8592506647109985, -0.1481785774230957, -0.10277479141950607, 10.346652030944824, 0.8573594689369202, 0.41110941767692566, 1.2600934505462646, 
166, 908213530, 0.5114682912826538, -0.008790001273155212, -0.0010120123624801636, 0.8592565655708313, -0.14788022637367249, -0.11004325747489929, 10.330613136291504, 0.894959032535553, 0.4311513900756836, 1.2518848180770874, 
167, 908230197, 0.5114418268203735, -0.00879387091845274, -0.0010134819895029068, 0.8592723608016968, -0.15629710257053375, -0.0908111110329628, 10.318787574768066, 0.830901563167572, 0.4386942982673645, 1.205141544342041, 
168, 908246864, 0.5114192366600037, -0.008799875155091286, -0.0010193504858762026, 0.8592857122421265, -0.14973831176757812, -0.10274706035852432, 10.338800430297852, 0.7947493195533752, 0.4356336295604706, 1.2811088562011719, 
169, 908263531, 0.5113863348960876, -0.00879296101629734, -0.001022334094159305, 0.8593053221702576, -0.14761126041412354, -0.10495050251483917, 10.339076042175293, 0.8587297797203064, 0.3697705566883087, 1.2454559803009033, 
170, 908280198, 0.5113599300384521, -0.008799468167126179, -0.0010217163944616914, 0.8593209981918335, -0.14469143748283386, -0.1091856062412262, 10.334883689880371, 0.8333219885826111, 0.4614512026309967, 1.1997884511947632, 
171, 908296865, 0.5113455057144165, -0.008798390626907349, -0.0010219672694802284, 0.8593295812606812, -0.15198200941085815, -0.12403539568185806, 10.348361015319824, 0.8538249135017395, 0.41364505887031555, 1.2182680368423462, 
172, 908313532, 0.511339545249939, -0.008803123608231544, -0.0010144769912585616, 0.8593330979347229, -0.13745957612991333, -0.1115865558385849, 10.323511123657227, 0.8775423765182495, 0.4742448031902313, 1.2475818395614624, 
173, 908330199, 0.5113252997398376, -0.008799661882221699, -0.001010292791761458, 0.8593416213989258, -0.1502963751554489, -0.1048787459731102, 10.313947677612305, 0.8879283666610718, 0.41497692465782166, 1.2530628442764282, 
174, 908346866, 0.5112950205802917, -0.008795465342700481, -0.0010180333629250526, 0.8593596816062927, -0.1408032476902008, -0.09925679862499237, 10.331464767456055, 0.8224237561225891, 0.3696680963039398, 1.186098575592041, 
175, 908363533, 0.5112649202346802, -0.008794055320322514, -0.00102024688385427, 0.8593775629997253, -0.146450474858284, -0.1114182248711586, 10.327445030212402, 0.8433877229690552, 0.404821515083313, 1.2487342357635498, 
176, 908380200, 0.5112496614456177, -0.008793866261839867, -0.0010174551280215383, 0.8593866229057312, -0.1475660800933838, -0.11662280559539795, 10.337892532348633, 0.8681551814079285, 0.42903825640678406, 1.2296271324157715, 
177, 908396867, 0.5112164616584778, -0.008794864639639854, -0.0010216609807685018, 0.8594063520431519, -0.13923074305057526, -0.1283775418996811, 10.318578720092773, 0.8236532807350159, 0.41263338923454285, 1.2762423753738403, 
178, 908413534, 0.5111928582191467, -0.00879095308482647, -0.0010204317513853312, 0.8594204187393188, -0.14414431154727936, -0.10454344749450684, 10.335895538330078, 0.8730473518371582, 0.40181204676628113, 1.2294737100601196, 
179, 908430201, 0.5111663937568665, -0.008783551864326, -0.001014738460071385, 0.8594363331794739, -0.14736942946910858, -0.1034083366394043, 10.339593887329102, 0.9112870693206787, 0.39764994382858276, 1.2455840110778809, 
180, 908446868, 0.5111438035964966, -0.008781541138887405, -0.0010174474446102977, 0.8594497442245483, -0.1388595700263977, -0.10176274925470352, 10.349943161010742, 0.842452883720398, 0.39990389347076416, 1.2464420795440674, 
181, 908463535, 0.5111212730407715, -0.008783281780779362, -0.00101376511156559, 0.8594631552696228, -0.1469629853963852, -0.10292734205722809, 10.31972599029541, 0.8660935163497925, 0.4433686137199402, 1.3154425621032715, 
182, 908480202, 0.5110880732536316, -0.008786173537373543, -0.001013578730635345, 0.8594829440116882, -0.14639727771282196, -0.10606472194194794, 10.332886695861816, 0.8444764018058777, 0.4403207302093506, 1.1864955425262451, 
183, 908496869, 0.511070966720581, -0.008782673627138138, -0.0010074921883642673, 0.8594931364059448, -0.14876043796539307, -0.09451122581958771, 10.326041221618652, 0.8994540572166443, 0.4216746985912323, 1.2039507627487183, 
184, 908513536, 0.5110588669776917, -0.008777966722846031, -0.001014716923236847, 0.8595003485679626, -0.15215818583965302, -0.1035330519080162, 10.308212280273438, 0.8241526484489441, 0.3669147193431854, 1.2462115287780762, 
185, 908530203, 0.5110308527946472, -0.00878490786999464, -0.0010148521978408098, 0.8595169186592102, -0.1396024525165558, -0.09806326776742935, 10.31478214263916, 0.8261376619338989, 0.46193787455558777, 1.2784963846206665, 
186, 908546870, 0.5110183954238892, -0.008791026659309864, -0.0010098951170220971, 0.8595243096351624, -0.1442602425813675, -0.09950390458106995, 10.321330070495605, 0.8584352135658264, 0.47423192858695984, 1.2187162637710571, 
187, 908563537, 0.5110073089599609, -0.008790402673184872, -0.0010047635296359658, 0.8595309257507324, -0.1450960487127304, -0.09716630727052689, 10.334198951721191, 0.8836509585380554, 0.43508294224739075, 1.1945122480392456, 
188, 908580204, 0.5109904408454895, -0.008796301670372486, -0.0010006033116951585, 0.8595408797264099, -0.14555005729198456, -0.11161111295223236, 10.324951171875, 0.8538505434989929, 0.47026199102401733, 1.2515902519226074, 
189, 908596871, 0.5109785795211792, -0.008800467476248741, -0.000989037100225687, 0.8595478534698486, -0.14582134783267975, -0.10435724258422852, 10.32659912109375, 0.9046661257743835, 0.4861162006855011, 1.2321373224258423, 
190, 908613538, 0.5109893083572388, -0.008801630698144436, -0.000983148580417037, 0.8595414757728577, -0.1470225602388382, -0.09899979829788208, 10.320991516113281, 0.8803852796554565, 0.4484015107154846, 1.1638537645339966, 
191, 908630205, 0.5109715461730957, -0.008802250027656555, -0.0009841411374509335, 0.8595520257949829, -0.14720141887664795, -0.11729101091623306, 10.328454971313477, 0.8424786329269409, 0.4210856258869171, 1.2362353801727295, 
192, 908646872, 0.5109628438949585, -0.008797709830105305, -0.0009843491716310382, 0.8595572710037231, -0.14689424633979797, -0.10139750689268112, 10.33977222442627, 0.8652609586715698, 0.39337262511253357, 1.242113471031189, 
193, 908663539, 0.5109367370605469, -0.008792384527623653, -0.0009716848726384342, 0.8595728278160095, -0.13162368535995483, -0.1000332236289978, 10.336539268493652, 0.943853497505188, 0.43403276801109314, 1.2380026578903198, 
194, 908680206, 0.5109359622001648, -0.008801967836916447, -0.0009626523242332041, 0.8595731854438782, -0.1438763439655304, -0.11935336142778397, 10.338315963745117, 0.8693463206291199, 0.5089243650436401, 1.2418702840805054, 
195, 908696873, 0.5109232068061829, -0.008796540088951588, -0.0009568309760652483, 0.8595808148384094, -0.14403684437274933, -0.1014319658279419, 10.331185340881348, 0.9035391807556152, 0.4093037545681, 1.2430610656738281, 
196, 908713540, 0.5108957290649414, -0.008797524496912956, -0.0009566916851326823, 0.8595972061157227, -0.14801889657974243, -0.11471167951822281, 10.31909465789795, 0.8485103249549866, 0.4274887442588806, 1.2354029417037964, 
197, 908730207, 0.5108634829521179, -0.008793466724455357, -0.0009497132268734276, 0.8596163988113403, -0.1664997935295105, -0.09846712648868561, 10.349200248718262, 0.9062540531158447, 0.4219692051410675, 1.3281465768814087, 
198, 908746874, 0.5108416676521301, -0.00880130473524332, -0.0009468742064200342, 0.8596292734146118, -0.14918792247772217, -0.10566803067922592, 10.341882705688477, 0.8390719890594482, 0.4765242636203766, 1.2800458669662476, 
199, 908763541, 0.5108277201652527, -0.00879465602338314, -0.0009448589407838881, 0.8596376776695251, -0.13403016328811646, -0.10749796032905579, 10.32966136932373, 0.8858280181884766, 0.38895443081855774, 1.2253755331039429, 
200, 908780208, 0.5108070969581604, -0.008800327777862549, -0.0009490516968071461, 0.8596499562263489, -0.15836435556411743, -0.108083076775074, 10.32471752166748, 0.8051096796989441, 0.4397444725036621, 1.2682512998580933, 
201, 908796875, 0.5107972621917725, -0.00880670826882124, -0.000951222435105592, 0.8596555590629578, -0.15782704949378967, -0.10273060202598572, 10.330123901367188, 0.8144069314002991, 0.4503224790096283, 1.2779583930969238, 
202, 908813542, 0.5107730031013489, -0.008807232603430748, -0.0009492198005318642, 0.8596699833869934, -0.15416108071804047, -0.1059185266494751, 10.333283424377441, 0.8604714870452881, 0.43143314123153687, 1.2790215015411377, 
203, 908830209, 0.5107442140579224, -0.008803031407296658, -0.0009436327964067459, 0.859687089920044, -0.14645589888095856, -0.11105998605489731, 10.320145606994629, 0.8978531360626221, 0.4147976338863373, 1.3242405652999878, 
204, 908846876, 0.5107257962226868, -0.008806456811726093, -0.0009508906514383852, 0.8596979975700378, -0.1438746601343155, -0.09101255238056183, 10.321198463439941, 0.7950310111045837, 0.4159758388996124, 1.2203683853149414, 
205, 908863543, 0.5107091665267944, -0.008813640102744102, -0.0009464745526202023, 0.8597079515457153, -0.14632688462734222, -0.1107342466711998, 10.336996078491211, 0.850905179977417, 0.478278785943985, 1.2679054737091064, 
206, 908880210, 0.5106789469718933, -0.008824517950415611, -0.00094003533013165, 0.859725832939148, -0.14325571060180664, -0.10749350488185883, 10.337995529174805, 0.8506490588188171, 0.5090267658233643, 1.2498741149902344, 
207, 908896877, 0.5106756091117859, -0.008816340006887913, -0.0009425972821190953, 0.8597277402877808, -0.16575071215629578, -0.08975564688444138, 10.3128662109375, 0.8632120490074158, 0.362496554851532, 1.249733328819275, 
208, 908913544, 0.5106542706489563, -0.008815865963697433, -0.000940871424973011, 0.8597403764724731, -0.15020714700222015, -0.09673076122999191, 10.312851905822754, 0.8619058132171631, 0.42396706342697144, 1.2768571376800537, 
209, 908930211, 0.5106509327888489, -0.008811659179627895, -0.0009509144583716989, 0.8597424030303955, -0.15661314129829407, -0.09365209192037582, 10.364989280700684, 0.8048407435417175, 0.3606780469417572, 1.1899915933609009, 
210, 908946878, 0.5106356143951416, -0.008810923434793949, -0.000946348998695612, 0.8597517013549805, -0.15056119859218597, -0.11419658362865448, 10.33980941772461, 0.880334198474884, 0.4321759045124054, 1.2096366882324219, 
211, 908963545, 0.5106223225593567, -0.008816075511276722, -0.0009478087886236608, 0.8597593307495117, -0.14602971076965332, -0.1108081266283989, 10.327995300292969, 0.8231409788131714, 0.4465317726135254, 1.234775424003601, 
212, 908980212, 0.5106227397918701, -0.008821653202176094, -0.0009389178012497723, 0.8597592115402222, -0.14956854283809662, -0.11830621212720871, 10.344078063964844, 0.8819349408149719, 0.48384952545166016, 1.2419599294662476, 
213, 908996879, 0.5106276869773865, -0.00882075447589159, -0.000948574859648943, 0.8597562909126282, -0.1495082676410675, -0.09510553628206253, 10.31458854675293, 0.7957993745803833, 0.38070717453956604, 1.1877762079238892, 
214, 909013546, 0.5106085538864136, -0.008823847398161888, -0.000949555600527674, 0.859767496585846, -0.14607135951519012, -0.09881033003330231, 10.328795433044434, 0.833334743976593, 0.43568480014801025, 1.241793155670166, 
215, 909030213, 0.5105950832366943, -0.008822871372103691, -0.0009440841968171299, 0.8597755432128906, -0.14402951300144196, -0.10014144331216812, 10.328187942504883, 0.8862763047218323, 0.4343145191669464, 1.206447720527649, 
216, 909046880, 0.5105747580528259, -0.008816458284854889, -0.0009415563545189798, 0.8597877025604248, -0.14042061567306519, -0.10294637084007263, 10.335038185119629, 0.8879411220550537, 0.39233535528182983, 1.2043348550796509, 
217, 909063547, 0.510574996471405, -0.008811133913695812, -0.0009410193306393921, 0.85978764295578, -0.1386004388332367, -0.10453585535287857, 10.34636402130127, 0.8709213733673096, 0.3908753991127014, 1.2460066080093384, 
218, 909080214, 0.5105582475662231, -0.008813701570034027, -0.0009491647942923009, 0.8597975373268127, -0.13985471427440643, -0.11166265606880188, 10.317567825317383, 0.7928154468536377, 0.4079078733921051, 1.1862393617630005, 
219, 909096881, 0.5105447173118591, -0.008809506893157959, -0.0009495110716670752, 0.8598056435585022, -0.14745913445949554, -0.10648311674594879, 10.325517654418945, 0.8628662824630737, 0.39449962973594666, 1.2466471195220947, 
220, 909113548, 0.5105251669883728, -0.008811228908598423, -0.0009409727645106614, 0.8598172068595886, -0.14380890130996704, -0.10205508768558502, 10.349393844604492, 0.8942034244537354, 0.46152806282043457, 1.2526403665542603, 
221, 909130215, 0.5105175375938416, -0.008802263997495174, -0.0009328799787908792, 0.8598218560218811, -0.14537642896175385, -0.10837745666503906, 10.332489013671875, 0.9290238618850708, 0.3958955407142639, 1.214733600616455, 
222, 909146882, 0.5105053186416626, -0.00880473479628563, -0.00093668611953035, 0.8598290681838989, -0.13902974128723145, -0.10271570831537247, 10.33069133758545, 0.8179798722267151, 0.4218539297580719, 1.250245451927185, 
223, 909163549, 0.5105023980140686, -0.008805197663605213, -0.000928037625271827, 0.8598307371139526, -0.14225327968597412, -0.11080881953239441, 10.334012031555176, 0.8994796872138977, 0.4543437063694, 1.2086249589920044, 
224, 909180216, 0.5104969143867493, -0.008808399550616741, -0.0009259948274120688, 0.8598339557647705, -0.14380277693271637, -0.11319316178560257, 10.32421588897705, 0.8509305715560913, 0.44699281454086304, 1.197495937347412, 
225, 909196883, 0.5104788541793823, -0.00881759263575077, -0.0009209109121002257, 0.8598445653915405, -0.15458711981773376, -0.10054227709770203, 10.32799243927002, 0.8468711376190186, 0.49353110790252686, 1.2708508968353271, 
226, 909213550, 0.5104657411575317, -0.008824587799608707, -0.0009184578084386885, 0.8598524332046509, -0.15825845301151276, -0.09698963165283203, 10.34163761138916, 0.8394690155982971, 0.4707357883453369, 1.26645827293396, 
227, 909230217, 0.5104526281356812, -0.00883067399263382, -0.0009113663109019399, 0.8598600625991821, -0.13839878141880035, -0.09468916058540344, 10.33487319946289, 0.8696152567863464, 0.48149317502975464, 1.255124807357788, 
228, 909246884, 0.5104377269744873, -0.00884106382727623, -0.0009002240258269012, 0.8598688840866089, -0.15578991174697876, -0.10857231169939041, 10.328093528747559, 0.8795016407966614, 0.5212312936782837, 1.2533317804336548, 
229, 909263551, 0.5104354023933411, -0.008839392103254795, -0.0008959174738265574, 0.8598703145980835, -0.15496768057346344, -0.10161153972148895, 10.32332706451416, 0.8803468942642212, 0.42629775404930115, 1.20601224899292, 
230, 909280218, 0.5104224681854248, -0.008841168135404587, -0.0008950462797656655, 0.8598778247833252, -0.14621512591838837, -0.10552242398262024, 10.336820602416992, 0.848945677280426, 0.4335974156856537, 1.2430994510650635, 
231, 909296885, 0.5104021430015564, -0.008838175795972347, -0.0008974071824923158, 0.8598899841308594, -0.14694273471832275, -0.11431852728128433, 10.347612380981445, 0.8463460803031921, 0.3955625593662262, 1.2573145627975464, 
232, 909313552, 0.5103778839111328, -0.008841997012495995, -0.0009010746143758297, 0.8599043488502502, -0.14921319484710693, -0.10590319335460663, 10.336233139038086, 0.8139331340789795, 0.43017813563346863, 1.2722597122192383, 
233, 909330219, 0.5103607773780823, -0.008838261477649212, -0.0008984633604995906, 0.8599145412445068, -0.14875666797161102, -0.1076330617070198, 10.327369689941406, 0.8791431784629822, 0.40847131609916687, 1.2410250902175903, 
234, 909346886, 0.5103422403335571, -0.00883046817034483, -0.0008962653228081763, 0.8599256277084351, -0.14450962841510773, -0.10537103563547134, 10.327553749084473, 0.8896827101707458, 0.38317880034446716, 1.232905626296997, 
235, 909363553, 0.5103339552879333, -0.008823614567518234, -0.0009053851244971156, 0.8599306344985962, -0.14919854700565338, -0.10611328482627869, 10.343267440795898, 0.8195935487747192, 0.3476923704147339, 1.2649471759796143, 
236, 909380220, 0.5103260278701782, -0.008820857852697372, -0.0009134177817031741, 0.8599354028701782, -0.12815405428409576, -0.10070635378360748, 10.347368240356445, 0.8109749555587769, 0.3759560286998749, 1.264012336730957, 
237, 909396887, 0.5103220343589783, -0.008830765262246132, -0.0009112291154451668, 0.8599377274513245, -0.13021285831928253, -0.09859633445739746, 10.338214874267578, 0.8285707831382751, 0.4875377416610718, 1.1764425039291382, 
238, 909413554, 0.5103189945220947, -0.008831305429339409, -0.0009041361627168953, 0.8599393367767334, -0.14116325974464417, -0.1095072478055954, 10.314921379089355, 0.8891704082489014, 0.44906750321388245, 1.2408841848373413, 
239, 909430221, 0.5103256106376648, -0.008802440017461777, -0.0010072964942082763, 0.8599355816841125, -0.15204519033432007, -0.10947300493717194, 10.319412231445312, 0.8691925406455994, 0.4300116300582886, 1.3150328397750854, 
240, 909446888, 0.5103144645690918, -0.008806203491985798, -0.000999120413325727, 0.8599421977996826, -0.1500207930803299, -0.10659816116094589, 10.3268461227417, 0.886852502822876, 0.4741167426109314, 1.2516158819198608, 
241, 909463555, 0.5102922320365906, -0.00880484003573656, -0.0010020395275205374, 0.8599554300308228, -0.13945378363132477, -0.10077185183763504, 10.336159706115723, 0.8387518525123596, 0.405577152967453, 1.3046725988388062, 
242, 909480222, 0.5102794766426086, -0.00880696251988411, -0.0010060942731797695, 0.8599629402160645, -0.13329938054084778, -0.11820749193429947, 10.334860801696777, 0.8207717537879944, 0.4215594232082367, 1.236644983291626, 
243, 909496889, 0.510257363319397, -0.008812470361590385, -0.0010068734409287572, 0.8599759936332703, -0.1557663083076477, -0.10892999172210693, 10.324686050415039, 0.827482283115387, 0.4533960223197937, 1.2669962644577026, 
244, 909513556, 0.5102560520172119, -0.008814279921352863, -0.0010142071405425668, 0.8599767684936523, -0.13973493874073029, -0.09034878015518188, 10.339783668518066, 0.8029709458351135, 0.40927812457084656, 1.184241533279419, 
245, 909530223, 0.5102375149726868, -0.008809943683445454, -0.001010473002679646, 0.8599877953529358, -0.14442510902881622, -0.11131482571363449, 10.3292236328125, 0.8885558247566223, 0.41099420189857483, 1.2840158939361572, 
246, 909546890, 0.5102382898330688, -0.008809133432805538, -0.0010095668258145452, 0.8599873781204224, -0.15055273473262787, -0.1098039373755455, 10.332843780517578, 0.8586145043373108, 0.4205605089664459, 1.2849122285842896, 
247, 909563557, 0.5102373361587524, -0.008804257959127426, -0.0010100221261382103, 0.8599880337715149, -0.1464356631040573, -0.10742729902267456, 10.33486270904541, 0.8657349348068237, 0.3929116129875183, 1.2235057353973389, 
248, 909580224, 0.5102290511131287, -0.008804770186543465, -0.0010151942260563374, 0.8599929213523865, -0.15097026526927948, -0.10205268859863281, 10.330018043518066, 0.8195423483848572, 0.4082792103290558, 1.22807776927948, 
249, 909596891, 0.5102266073226929, -0.008800899609923363, -0.001008510240353644, 0.8599944114685059, -0.15685677528381348, -0.0999903529882431, 10.32901382446289, 0.905409038066864, 0.4246457815170288, 1.1927834749221802, 
250, 909613558, 0.510190486907959, -0.00879973080009222, -0.0010101908119395375, 0.860015869140625, -0.15093812346458435, -0.10106232017278671, 10.325783729553223, 0.8461282849311829, 0.41090452671051025, 1.3236770629882812, 
251, 909630225, 0.5101773142814636, -0.008799019269645214, -0.0010008986573666334, 0.8600236773490906, -0.1471666544675827, -0.11146721988916397, 10.33044147491455, 0.9085976481437683, 0.4518720209598541, 1.2806861400604248, 
252, 909646892, 0.510168194770813, -0.008790145628154278, -0.0010022184578701854, 0.8600292205810547, -0.16257344186306, -0.10177470743656158, 10.329615592956543, 0.8752882480621338, 0.3660566508769989, 1.2180246114730835, 
253, 909663559, 0.5101622343063354, -0.008785583078861237, -0.0010035702725872397, 0.860032856464386, -0.1381925493478775, -0.1004558578133583, 10.3313570022583, 0.8602281808853149, 0.3918743431568146, 1.2079589366912842, 
254, 909680226, 0.5101580619812012, -0.008777660317718983, -0.0010071948636323214, 0.8600354194641113, -0.1432129442691803, -0.11045906692743301, 10.328410148620605, 0.8588194847106934, 0.3643278479576111, 1.1653138399124146, 
255, 909696893, 0.5101577043533325, -0.008786401711404324, -0.0010110593866556883, 0.8600354194641113, -0.14404137432575226, -0.10685268044471741, 10.316435813903809, 0.7987832427024841, 0.46260368824005127, 1.1472951173782349, 
256, 909713560, 0.5101431608200073, -0.00879281759262085, -0.0010093654273077846, 0.860044002532959, -0.14632385969161987, -0.11693106591701508, 10.338330268859863, 0.8388542532920837, 0.46731647849082947, 1.275883674621582, 
257, 909730227, 0.5101569890975952, -0.008790962398052216, -0.0010115249315276742, 0.86003577709198, -0.13650093972682953, -0.09910069406032562, 10.345026016235352, 0.8453599214553833, 0.4046422243118286, 1.14910089969635, 
258, 909746894, 0.5101506114006042, -0.008791186846792698, -0.0010016066953539848, 0.8600395917892456, -0.1520634889602661, -0.09450399875640869, 10.313265800476074, 0.9100065231323242, 0.45979923009872437, 1.2214568853378296, 
259, 909763561, 0.5101587772369385, -0.008788767270743847, -0.0010079018538817763, 0.8600347638130188, -0.14212918281555176, -0.1243528351187706, 10.32402229309082, 0.8223341107368469, 0.3869438171386719, 1.2026954889297485, 
260, 909780228, 0.5101553797721863, -0.008786279708147049, -0.0010115493787452579, 0.8600368499755859, -0.14585058391094208, -0.11763828992843628, 10.329188346862793, 0.8384187817573547, 0.3950502574443817, 1.2478891611099243, 
261, 909796895, 0.5101519227027893, -0.008797304704785347, -0.0010171110043302178, 0.8600387573242188, -0.13966615498065948, -0.11089057475328445, 10.33555793762207, 0.7791638970375061, 0.4692118465900421, 1.2707996368408203, 
262, 909813562, 0.5101478099822998, -0.008799741044640541, -0.0010213878704234958, 0.8600412011146545, -0.15559180080890656, -0.11288655549287796, 10.344616889953613, 0.8174548745155334, 0.4225711524486542, 1.2557138204574585, 
263, 909830229, 0.5101489424705505, -0.008796962909400463, -0.001019453164190054, 0.860040545463562, -0.1324617564678192, -0.11529166996479034, 10.318138122558594, 0.8731240630149841, 0.41365790367126465, 1.2396931648254395, 
264, 909846896, 0.5101506114006042, -0.008800067007541656, -0.001024241792038083, 0.8600395321846008, -0.1403890699148178, -0.11850155889987946, 10.331208229064941, 0.812806248664856, 0.42497870326042175, 1.1964715719223022, 
265, 909863563, 0.5101625919342041, -0.008806318044662476, -0.001020441995933652, 0.8600323796272278, -0.1294499784708023, -0.11152231693267822, 10.33403205871582, 0.8517630696296692, 0.4729640781879425, 1.2144261598587036, 
266, 909880230, 0.5101557970046997, -0.008809165097773075, -0.0010168477892875671, 0.8600363731384277, -0.15497639775276184, -0.11121052503585815, 10.334388732910156, 0.862123429775238, 0.4531911015510559, 1.2768571376800537, 
267, 909896897, 0.5101613998413086, -0.008812298066914082, -0.0010147267021238804, 0.8600329756736755, -0.14699526131153107, -0.10919475555419922, 10.352166175842285, 0.8526980876922607, 0.4490802586078644, 1.238245964050293, 
268, 909913564, 0.5101492404937744, -0.008816627785563469, -0.0010144759435206652, 0.8600401878356934, -0.14336726069450378, -0.10452121496200562, 10.321882247924805, 0.8380346298217773, 0.4497205913066864, 1.284822702407837, 
269, 909930231, 0.5101481676101685, -0.008826162666082382, -0.0010293752420693636, 0.8600407242774963, -0.15211285650730133, -0.0920598953962326, 10.321900367736816, 0.7296802997589111, 0.4272838830947876, 1.2665352821350098, 
270, 909946898, 0.5101308822631836, -0.008840033784508705, -0.0010313058737665415, 0.8600507974624634, -0.13586203753948212, -0.09947403520345688, 10.339635848999023, 0.793878436088562, 0.49997273087501526, 1.176493763923645, 
271, 909963565, 0.5101353526115417, -0.008839566260576248, -0.001028247643262148, 0.8600481748580933, -0.15059663355350494, -0.1088368147611618, 10.321698188781738, 0.871241569519043, 0.4316892921924591, 1.2121466398239136, 
272, 909980232, 0.5101407766342163, -0.00884264800697565, -0.0010233628563582897, 0.8600448966026306, -0.14733153581619263, -0.09788142144680023, 10.34329891204834, 0.86879563331604, 0.45821118354797363, 1.2399747371673584, 
273, 909996899, 0.510132908821106, -0.008842495270073414, -0.0010245753219351172, 0.8600495457649231, -0.14516691863536835, -0.11234067380428314, 10.326247215270996, 0.8458849787712097, 0.4191902279853821, 1.218741774559021, 
274, 910013566, 0.5101330280303955, -0.008841541595757008, -0.0010219862451776862, 0.8600494861602783, -0.1531701683998108, -0.11503685265779495, 10.319995880126953, 0.8698073029518127, 0.4268356263637543, 1.2361457347869873, 
275, 910030233, 0.5101335644721985, -0.008840867318212986, -0.0010155128547921777, 0.8600491881370544, -0.129386767745018, -0.10596119612455368, 10.328594207763672, 0.8935887217521667, 0.4420367479324341, 1.186790108680725, 
276, 910046900, 0.5101363062858582, -0.008848220109939575, -0.0010225367732346058, 0.860047459602356, -0.14659804105758667, -0.10891348123550415, 10.31749439239502, 0.7843505144119263, 0.44271549582481384, 1.190657377243042, 
277, 910063567, 0.5101286768913269, -0.008855004794895649, -0.0010231994092464447, 0.8600518703460693, -0.14072105288505554, -0.1059626117348671, 10.3250150680542, 0.8235378861427307, 0.46115660667419434, 1.3065166473388672, 
278, 910080234, 0.510130763053894, -0.008852642960846424, -0.0010168434819206595, 0.8600506782531738, -0.15119639039039612, -0.11527855694293976, 10.33845043182373, 0.8970078825950623, 0.43158677220344543, 1.246416449546814, 
279, 910096901, 0.5101441144943237, -0.00885474681854248, -0.0010208508465439081, 0.8600427508354187, -0.15137191116809845, -0.10856256633996964, 10.316183090209961, 0.82059246301651, 0.4222509562969208, 1.1739709377288818, 
280, 910113568, 0.5101408958435059, -0.008860164321959019, -0.0010248245671391487, 0.8600446581840515, -0.1482618898153305, -0.10765347629785538, 10.342138290405273, 0.8085673451423645, 0.44152453541755676, 1.2618098258972168, 
281, 910130235, 0.5101292729377747, -0.008868158794939518, -0.0010345233604311943, 0.8600514531135559, -0.15999846160411835, -0.09978566318750381, 10.337760925292969, 0.7676125764846802, 0.4372471868991852, 1.2440087795257568, 
282, 910146902, 0.5101374387741089, -0.008872689679265022, -0.0010291574290022254, 0.8600465655326843, -0.1502389758825302, -0.11065993458032608, 10.348264694213867, 0.8668105602264404, 0.4686099588871002, 1.2052439451217651, 
283, 910163569, 0.5101325511932373, -0.008883563801646233, -0.0010152652394026518, 0.8600494265556335, -0.15006691217422485, -0.10086741298437119, 10.348715782165527, 0.8954967260360718, 0.5366756916046143, 1.267431616783142, 
284, 910180236, 0.5101314187049866, -0.008890672586858273, -0.001004024874418974, 0.8600500226020813, -0.1438087821006775, -0.10833436995744705, 10.332261085510254, 0.8934350609779358, 0.504813551902771, 1.2455456256866455, 
285, 910196903, 0.5101398229598999, -0.008894713595509529, -0.0010058984626084566, 0.8600450158119202, -0.13887596130371094, -0.10758261382579803, 10.325281143188477, 0.8266754746437073, 0.44148609042167664, 1.1686049699783325, 
286, 910213570, 0.5101405382156372, -0.008896876126527786, -0.001011520391330123, 0.860044538974762, -0.1493092030286789, -0.1085926741361618, 10.315145492553711, 0.8109108805656433, 0.4161679744720459, 1.2423312664031982, 
287, 910230237, 0.5101361274719238, -0.008896213956177235, -0.0010050639975816011, 0.8600472211837769, -0.12354505807161331, -0.10126451402902603, 10.319337844848633, 0.8917829990386963, 0.4418318569660187, 1.250271201133728, 
288, 910246904, 0.510137677192688, -0.008903357200324535, -0.0010116189951077104, 0.8600460886955261, -0.1438664197921753, -0.11262597888708115, 10.339982032775879, 0.7884997725486755, 0.44374004006385803, 1.1990842819213867, 
289, 910263571, 0.5101504325866699, -0.00890018418431282, -0.0010209442116320133, 0.8600385785102844, -0.13740235567092896, -0.10370057076215744, 10.3259859085083, 0.8070945739746094, 0.3718067407608032, 1.2357103824615479, 
290, 910280238, 0.5101525187492371, -0.008895695209503174, -0.0010212042834609747, 0.8600373864173889, -0.14769740402698517, -0.10498388111591339, 10.337000846862793, 0.8650433421134949, 0.3958955705165863, 1.2359024286270142, 
291, 910296905, 0.5101527571678162, -0.00889431033283472, -0.0010320296278223395, 0.8600372672080994, -0.13459505140781403, -0.10564057528972626, 10.338638305664062, 0.7926362752914429, 0.3775183856487274, 1.2352749109268188, 
292, 910313572, 0.5101653933525085, -0.008893371559679508, -0.00103495002258569, 0.8600297570228577, -0.135977640748024, -0.09910772740840912, 10.330076217651367, 0.8376889824867249, 0.40824082493782043, 1.1972144842147827, 
293, 910330239, 0.5101698637008667, -0.008891003206372261, -0.0010250869672745466, 0.8600271344184875, -0.1490664780139923, -0.09189368784427643, 10.338532447814941, 0.9180744290351868, 0.4441754221916199, 1.2179094552993774, 
294, 910346906, 0.5101645588874817, -0.008894138969480991, -0.00102930364664644, 0.8600302338600159, -0.142429918050766, -0.11851900070905685, 10.31528377532959, 0.8152651190757751, 0.42764246463775635, 1.2675725221633911, 
295, 910363573, 0.5101796984672546, -0.00889200996607542, -0.0010314704850316048, 0.8600212335586548, -0.1518109142780304, -0.10623262077569962, 10.334507942199707, 0.8464228510856628, 0.40295177698135376, 1.1992634534835815, 
296, 910380240, 0.5101821422576904, -0.008900562301278114, -0.0010288750054314733, 0.8600197434425354, -0.14276841282844543, -0.11760810017585754, 10.33682918548584, 0.8365236520767212, 0.4837086796760559, 1.214195728302002, 
297, 910396907, 0.510174036026001, -0.008903440088033676, -0.0010291492799296975, 0.860024631023407, -0.15854936838150024, -0.09489177912473679, 10.31369400024414, 0.8403782844543457, 0.4399109184741974, 1.2791622877120972, 
298, 910413574, 0.5101699233055115, -0.008902817964553833, -0.0010299022542312741, 0.8600268959999084, -0.15037254989147186, -0.09787873178720474, 10.31443977355957, 0.8485103845596313, 0.41752544045448303, 1.2629112005233765, 
299, 910430241, 0.5101639032363892, -0.008908874355256557, -0.0010301789734512568, 0.8600303530693054, -0.14360517263412476, -0.10429104417562485, 10.318156242370605, 0.8279560804367065, 0.4584672749042511, 1.2955288887023926, 
300, 910446908, 0.5101723074913025, -0.00890419352799654, -0.001040009781718254, 0.8600255250930786, -0.1640947461128235, -0.11137111485004425, 10.332966804504395, 0.8096815347671509, 0.36051154136657715, 1.2421648502349854, 
301, 910463575, 0.5101734399795532, -0.008903200738132, -0.0010388854425400496, 0.8600248694419861, -0.15193383395671844, -0.10597530752420425, 10.3295259475708, 0.8608428239822388, 0.4223790764808655, 1.2350828647613525, 
302, 910480242, 0.5101672410964966, -0.008899976499378681, -0.0010434938594698906, 0.8600285649299622, -0.15661390125751495, -0.11171738803386688, 10.324544906616211, 0.835652768611908, 0.3873792886734009, 1.294273853302002, 
303, 910496909, 0.5101644396781921, -0.008894283324480057, -0.001049951883032918, 0.8600303530693054, -0.14547067880630493, -0.10359519720077515, 10.330060005187988, 0.8328609466552734, 0.3680289089679718, 1.2563542127609253, 
304, 910513576, 0.5101621747016907, -0.008894192054867744, -0.0010454687289893627, 0.8600317239761353, -0.14321564137935638, -0.09022173285484314, 10.319235801696777, 0.878707766532898, 0.43854066729545593, 1.2537544965744019, 
305, 910530243, 0.510163426399231, -0.008891734294593334, -0.0010448028333485126, 0.8600308299064636, -0.14294791221618652, -0.09663154184818268, 10.321854591369629, 0.864787220954895, 0.41162168979644775, 1.1732025146484375, 
306, 910546910, 0.510169506072998, -0.008888885378837585, -0.0010503845987841487, 0.8600272536277771, -0.1475188136100769, -0.09202498197555542, 10.319746971130371, 0.8277255296707153, 0.3873664438724518, 1.2375160455703735, 
307, 910563577, 0.5101685523986816, -0.008887276984751225, -0.001045144279487431, 0.8600280284881592, -0.14115113019943237, -0.0973406732082367, 10.337167739868164, 0.8879155516624451, 0.43307235836982727, 1.2312026023864746, 
308, 910580244, 0.5101600885391235, -0.008894397877156734, -0.0010443560313433409, 0.860032856464386, -0.13066013157367706, -0.10100974887609482, 10.346332550048828, 0.83055579662323, 0.46781599521636963, 1.3249322175979614, 
309, 910596911, 0.5101685523986816, -0.0088930269703269, -0.0010450236732140183, 0.8600277900695801, -0.14052776992321014, -0.10826145112514496, 10.322957992553711, 0.852249801158905, 0.4130048155784607, 1.1918742656707764, 
310, 910613578, 0.5101644396781921, -0.008898484520614147, -0.0010424746433272958, 0.8600301742553711, -0.1499505490064621, -0.1001189649105072, 10.313044548034668, 0.8463972210884094, 0.4645375609397888, 1.304826259613037, 
311, 910630245, 0.5101801753044128, -0.008889826014637947, -0.001036942470818758, 0.8600210547447205, -0.13543938100337982, -0.09311441332101822, 10.319687843322754, 0.9136050343513489, 0.39222007989883423, 1.2317274808883667, 
312, 910646912, 0.5101782083511353, -0.008884807117283344, -0.0010350189404562116, 0.860022246837616, -0.14700566232204437, -0.10169101506471634, 10.336793899536133, 0.8807950615882874, 0.4006466567516327, 1.2110580205917358, 
313, 910663579, 0.510162889957428, -0.008885796181857586, -0.0010262290015816689, 0.8600313067436218, -0.1521887481212616, -0.11215128749608994, 10.329440116882324, 0.8994923830032349, 0.46115660667419434, 1.272349238395691, 
314, 910680246, 0.5101527571678162, -0.008892206475138664, -0.0010281553259119391, 0.8600372076034546, -0.1525433510541916, -0.11114706844091415, 10.321349143981934, 0.8173140287399292, 0.4544076919555664, 1.295682430267334, 
315, 910696913, 0.5101496577262878, -0.008893427439033985, -0.0010200666729360819, 0.8600390553474426, -0.14374807476997375, -0.1141844317317009, 10.346978187561035, 0.8953815698623657, 0.45965835452079773, 1.2280009984970093, 
316, 910713580, 0.5101497769355774, -0.008895758539438248, -0.0010171401081606746, 0.8600389361381531, -0.14162743091583252, -0.096921406686306, 10.325712203979492, 0.8593188524246216, 0.4478892385959625, 1.2729767560958862, 
317, 910730247, 0.5101540088653564, -0.008895796723663807, -0.0010254180524498224, 0.8600364327430725, -0.13512352108955383, -0.09040720760822296, 10.302713394165039, 0.8028813004493713, 0.3952679932117462, 1.1901323795318604, 
318, 910746914, 0.5101644992828369, -0.008897634223103523, -0.001022493583150208, 0.8600302338600159, -0.1461438089609146, -0.09023420512676239, 10.331042289733887, 0.8612654209136963, 0.44438034296035767, 1.2493617534637451, 
319, 910763581, 0.5101587772369385, -0.00889673177152872, -0.0010180530371144414, 0.8600336909294128, -0.16195373237133026, -0.0959247574210167, 10.344093322753906, 0.8808207511901855, 0.4351341724395752, 1.2312411069869995, 
320, 910780248, 0.5101516842842102, -0.008911363780498505, -0.00101908587384969, 0.8600377440452576, -0.15666842460632324, -0.09875110536813736, 10.344773292541504, 0.793583869934082, 0.5062478184700012, 1.2801098823547363, 
321, 910796915, 0.5101499557495117, -0.008917686529457569, -0.0010148559231311083, 0.860038697719574, -0.1577705442905426, -0.10589637607336044, 10.350193977355957, 0.8548622131347656, 0.477023720741272, 1.1724085807800293, 
322, 910813582, 0.5101441144943237, -0.008912400342524052, -0.0010187175357714295, 0.8600422143936157, -0.14994683861732483, -0.10263101756572723, 10.31460952758789, 0.8468455672264099, 0.3785044848918915, 1.2863337993621826, 
323, 910830249, 0.5101392269134521, -0.00890974048525095, -0.0010157210053876042, 0.8600451350212097, -0.1530776172876358, -0.09264737367630005, 10.335081100463867, 0.8772093057632446, 0.41854995489120483, 1.2837085723876953, 
324, 910846916, 0.5101277828216553, -0.00891678873449564, -0.001016344758681953, 0.8600518107414246, -0.14804168045520782, -0.1077473908662796, 10.330353736877441, 0.8231409788131714, 0.4636795222759247, 1.243842363357544, 
325, 910863583, 0.5101137161254883, -0.00891824346035719, -0.0010186878498643637, 0.8600601553916931, -0.15612384676933289, -0.10563068091869354, 10.315441131591797, 0.8321566581726074, 0.4240182340145111, 1.2924937009811401, 
326, 910880250, 0.5101009607315063, -0.00892622396349907, -0.001013370230793953, 0.86006760597229, -0.15005913376808167, -0.10269058495759964, 10.354299545288086, 0.8552207946777344, 0.4904831349849701, 1.2417932748794556, 
327, 910896917, 0.5100917220115662, -0.00892664398998022, -0.0010072647128254175, 0.8600730895996094, -0.15541914105415344, -0.11432220786809921, 10.343405723571777, 0.8858664631843567, 0.44782525300979614, 1.2680079936981201, 
328, 910913584, 0.5100884437561035, -0.008921133354306221, -0.0010169448796659708, 0.8600749969482422, -0.1479828804731369, -0.09927857667207718, 10.325234413146973, 0.8135874271392822, 0.3575148284435272, 1.2455711364746094, 
329, 910930251, 0.5100815296173096, -0.00892571546137333, -0.00101610051933676, 0.8600790500640869, -0.14253172278404236, -0.09866291284561157, 10.335742950439453, 0.8402886390686035, 0.45371612906455994, 1.2652161121368408, 
330, 910946918, 0.5100769996643066, -0.008926454931497574, -0.00102047820109874, 0.8600817918777466, -0.14596693217754364, -0.1156531423330307, 10.330893516540527, 0.8220651745796204, 0.4123644530773163, 1.2723108530044556, 
331, 910963585, 0.5100794434547424, -0.008916296064853668, -0.0010188514133915305, 0.8600804209709167, -0.13321790099143982, -0.1241881251335144, 10.339715957641602, 0.8958424925804138, 0.36957845091819763, 1.2386428117752075, 
332, 910980252, 0.5100812315940857, -0.008908871561288834, -0.0010137021308764815, 0.8600794672966003, -0.15089890360832214, -0.11153947561979294, 10.322657585144043, 0.9075090885162354, 0.3974066376686096, 1.2328286170959473, 
333, 910996919, 0.5100762248039246, -0.008902938105165958, -0.0010141493985429406, 0.8600824475288391, -0.1426527202129364, -0.1084684506058693, 10.318390846252441, 0.8695127964019775, 0.3873920738697052, 1.2530244588851929, 
334, 911013586, 0.5100757479667664, -0.008892450481653214, -0.0010243094293400645, 0.8600829243659973, -0.1490103155374527, -0.10746687650680542, 10.345943450927734, 0.8284299969673157, 0.326638787984848, 1.1947171688079834, 
335, 911030253, 0.5100566744804382, -0.00888852495700121, -0.0010201024124398828, 0.8600943088531494, -0.1400740146636963, -0.10480022430419922, 10.330663681030273, 0.8897852301597595, 0.415745347738266, 1.3114984035491943, 
336, 911046920, 0.5100589990615845, -0.008888157084584236, -0.0010235332883894444, 0.8600929379463196, -0.14832249283790588, -0.1205022782087326, 10.332009315490723, 0.8321951031684875, 0.40958550572395325, 1.2571226358413696, 
337, 911063587, 0.5100641250610352, -0.0088840676471591, -0.001028631697408855, 0.8600899577140808, -0.14789310097694397, -0.10394501686096191, 10.31248950958252, 0.8353965878486633, 0.38152679800987244, 1.219753623008728, 
338, 911080254, 0.5100744366645813, -0.008886356838047504, -0.001025011413730681, 0.8600837588310242, -0.1567458212375641, -0.1156461238861084, 10.31897258758545, 0.8644670844078064, 0.4500536024570465, 1.2101105451583862, 
339, 911096921, 0.5100662708282471, -0.00888276007026434, -0.0010228619212284684, 0.8600886464118958, -0.1382235437631607, -0.11041278392076492, 10.336039543151855, 0.8767098784446716, 0.4100593030452728, 1.2540104389190674, 
340, 911113588, 0.5100696682929993, -0.008878426626324654, -0.0010205305879935622, 0.8600866794586182, -0.15200869739055634, -0.10310276597738266, 10.338863372802734, 0.880334198474884, 0.4062814712524414, 1.227949619293213, 
341, 911130255, 0.5100639462471008, -0.008874980732798576, -0.0010099583305418491, 0.8600901365280151, -0.1296704262495041, -0.10801403969526291, 10.328454971313477, 0.9256941676139832, 0.4403079152107239, 1.2825814485549927, 
342, 911146922, 0.5100678205490112, -0.008865827694535255, -0.0010059971828013659, 0.8600878715515137, -0.1449383795261383, -0.1058521717786789, 10.308706283569336, 0.9066126346588135, 0.3839087188243866, 1.2040274143218994, 
343, 911163589, 0.5100688338279724, -0.008860972709953785, -0.0010137053905054927, 0.8600872755050659, -0.15003319084644318, -0.09383829683065414, 10.33626651763916, 0.8229104280471802, 0.36887407302856445, 1.1922327280044556, 
344, 911180256, 0.5100725293159485, -0.008860491216182709, -0.0010079778730869293, 0.8600852489471436, -0.1456766277551651, -0.09966826438903809, 10.333534240722656, 0.8872110843658447, 0.4409354031085968, 1.2020423412322998, 
345, 911196923, 0.5100787878036499, -0.0088591193780303, -0.0010002781637012959, 0.8600815534591675, -0.15149633586406708, -0.10867761820554733, 10.318790435791016, 0.9020407795906067, 0.44363754987716675, 1.1718579530715942, 
346, 911213590, 0.510090172290802, -0.008855444379150867, -0.001001168042421341, 0.8600747585296631, -0.14001122117042542, -0.11813787370920181, 10.347949981689453, 0.8589090704917908, 0.39877694845199585, 1.212325930595398, 
347, 911230257, 0.5100940465927124, -0.00885298103094101, -0.0009909271029755473, 0.8600724935531616, -0.14627796411514282, -0.10342511534690857, 10.330141067504883, 0.9203411936759949, 0.4447517395019531, 1.242945909500122, 
348, 911246924, 0.5100888609886169, -0.008857442066073418, -0.0009875668911263347, 0.8600754737854004, -0.14740367233753204, -0.10408072918653488, 10.334141731262207, 0.8554897308349609, 0.4624116122722626, 1.2522945404052734, 
349, 911263591, 0.5100798606872559, -0.008861441165208817, -0.0009926300263032317, 0.8600807785987854, -0.16076739132404327, -0.10669299960136414, 10.320357322692871, 0.8067871332168579, 0.4297298491001129, 1.2806475162506104, 
350, 911280258, 0.5100727677345276, -0.00886294711381197, -0.0009875373216345906, 0.8600849509239197, -0.1500873863697052, -0.11745326220989227, 10.323854446411133, 0.8767483830451965, 0.45088598132133484, 1.264012336730957, 
351, 911296925, 0.5100724697113037, -0.00886958185583353, -0.0009864410385489464, 0.860085129737854, -0.14105112850666046, -0.10780516266822815, 10.333763122558594, 0.8350252509117126, 0.46761104464530945, 1.1908496618270874, 
352, 911313592, 0.51008141040802, -0.008871378377079964, -0.0009862568695098162, 0.860079824924469, -0.1440015733242035, -0.10290476679801941, 10.314194679260254, 0.8472936749458313, 0.4358256757259369, 1.1399059295654297, 
353, 911330259, 0.5100799202919006, -0.008869045414030552, -0.0009814887307584286, 0.8600807189941406, -0.1532357782125473, -0.10012011229991913, 10.327657699584961, 0.8868781924247742, 0.42609289288520813, 1.2563414573669434, 
354, 911346926, 0.5100874900817871, -0.008864514529705048, -0.0009834023658186197, 0.8600763082504272, -0.15177294611930847, -0.11150654405355453, 10.328143119812012, 0.8567191362380981, 0.3909522294998169, 1.1799514293670654, 
355, 911363593, 0.5100956559181213, -0.00887023750692606, -0.0009840356651693583, 0.8600713610649109, -0.152105912566185, -0.10418087244033813, 10.32040023803711, 0.8278793096542358, 0.4555218517780304, 1.1847152709960938, 
356, 911380260, 0.510093629360199, -0.008864464238286018, -0.000978246214799583, 0.8600726127624512, -0.15930317342281342, -0.10688479244709015, 10.315132141113281, 0.9051912426948547, 0.41018736362457275, 1.238617181777954, 
357, 911396927, 0.510077178478241, -0.00885323341935873, -0.0009790004696696997, 0.8600825071334839, -0.15253689885139465, -0.11756642162799835, 10.344276428222656, 0.8866604566574097, 0.35497918725013733, 1.3204498291015625, 
358, 911413594, 0.5100806355476379, -0.008850793354213238, -0.0009813042124733329, 0.8600804209709167, -0.13999143242835999, -0.11187407374382019, 10.334441184997559, 0.8457313776016235, 0.40114614367485046, 1.2262208461761475, 
359, 911430261, 0.5100720524787903, -0.00881627481430769, -0.000986430561169982, 0.8600858449935913, -0.13530045747756958, -0.10174689441919327, 10.345025062561035, 0.8431444764137268, 0.4233779013156891, 1.2227245569229126, 
360, 911446928, 0.5100769996643066, -0.008811418898403645, -0.0009831507923081517, 0.8600829243659973, -0.15008865296840668, -0.09872984141111374, 10.339871406555176, 0.8868652582168579, 0.40661439299583435, 1.2425744533538818, 
361, 911463595, 0.5100733041763306, -0.008817599155008793, -0.0009759775130078197, 0.8600851893424988, -0.14113980531692505, -0.11555640399456024, 10.32368278503418, 0.8722020387649536, 0.48691022396087646, 1.251001000404358, 
362, 911480262, 0.5100703239440918, -0.008808252401649952, -0.0009714308544062078, 0.8600870370864868, -0.13511382043361664, -0.10141165554523468, 10.316485404968262, 0.91063392162323, 0.38518938422203064, 1.2210983037948608, 
363, 911496929, 0.5100530385971069, -0.008806916885077953, -0.0009755525388754904, 0.8600972890853882, -0.1394929587841034, -0.10877709090709686, 10.335702896118164, 0.8311448693275452, 0.4019785225391388, 1.3312456607818604, 
364, 911513596, 0.5100516676902771, -0.00881284475326538, -0.0009720047819428146, 0.8600980043411255, -0.14580605924129486, -0.09917180240154266, 10.322903633117676, 0.8518015146255493, 0.47220855951309204, 1.24138343334198, 
365, 911530263, 0.5100426077842712, -0.008813600055873394, -0.0009782774141058326, 0.8601033091545105, -0.15187571942806244, -0.10071954131126404, 10.331395149230957, 0.8115896582603455, 0.4078182280063629, 1.2318941354751587, 
366, 911546930, 0.5100383758544922, -0.008815453387796879, -0.0009874090319499373, 0.8601059913635254, -0.13919104635715485, -0.10839230567216873, 10.321869850158691, 0.7908305525779724, 0.40328478813171387, 1.2283724546432495, 
367, 911563597, 0.510025680065155, -0.008815164677798748, -0.0009854888776317239, 0.8601135015487671, -0.14519208669662476, -0.10958285629749298, 10.316497802734375, 0.863148033618927, 0.42925602197647095, 1.307822823524475, 
368, 911580264, 0.5100203156471252, -0.008818238042294979, -0.0009955260902643204, 0.8601166605949402, -0.14778964221477509, -0.1008773073554039, 10.320479393005371, 0.780585527420044, 0.4078950881958008, 1.295413613319397, 
369, 911596931, 0.5100194215774536, -0.008814132772386074, -0.001001650933176279, 0.8601172566413879, -0.14734941720962524, -0.09705405682325363, 10.326879501342773, 0.8295696377754211, 0.3784275949001312, 1.226361632347107, 
370, 911613598, 0.5100235939025879, -0.00881420262157917, -0.0010007191449403763, 0.8601146340370178, -0.14968222379684448, -0.10303469002246857, 10.344212532043457, 0.8564887046813965, 0.4281803071498871, 1.2386943101882935, 
371, 911630265, 0.5100266337394714, -0.008811550214886665, -0.0009996313601732254, 0.8601127862930298, -0.1471959799528122, -0.10124186426401138, 10.33985710144043, 0.8670411109924316, 0.413491427898407, 1.2026187181472778, 
372, 911646932, 0.5100167989730835, -0.008818857371807098, -0.0009916514391079545, 0.8601185083389282, -0.14846688508987427, -0.10888266563415527, 10.32979965209961, 0.8733161687850952, 0.49547773599624634, 1.2417550086975098, 
373, 911663599, 0.5100120902061462, -0.008814333006739616, -0.0009877169504761696, 0.860121488571167, -0.14971637725830078, -0.09895700216293335, 10.327286720275879, 0.8902845978736877, 0.41215959191322327, 1.225490927696228, 
374, 911680266, 0.5100051760673523, -0.00881415605545044, -0.0009786633308976889, 0.8601255416870117, -0.1436636745929718, -0.09872805327177048, 10.321385383605957, 0.9064974784851074, 0.4562390446662903, 1.2238259315490723, 
375, 911696933, 0.5100059509277344, -0.00879982765763998, -0.0009715777123346925, 0.8601253628730774, -0.15991149842739105, -0.10550016164779663, 10.335529327392578, 0.9432004690170288, 0.3646480143070221, 1.218306541442871, 
376, 911713600, 0.5099969506263733, -0.008803529664874077, -0.0009855101816356182, 0.8601306676864624, -0.1524321585893631, -0.10649680346250534, 10.31875228881836, 0.7560228109359741, 0.39762431383132935, 1.2633975744247437, 
377, 911730267, 0.5099979639053345, -0.008808239363133907, -0.0009871800430119038, 0.8601300120353699, -0.15092888474464417, -0.11537820845842361, 10.342057228088379, 0.8238582015037537, 0.44671112298965454, 1.2511932849884033, 
378, 911746934, 0.5100048184394836, -0.008802446536719799, -0.0009833398507907987, 0.8601259589195251, -0.13872401416301727, -0.10158117115497589, 10.342451095581055, 0.8941008448600769, 0.4032078981399536, 1.215437889099121, 
379, 911763601, 0.5100046396255493, -0.008816909976303577, -0.000984302954748273, 0.8601258993148804, -0.15367336571216583, -0.1137949526309967, 10.33230972290039, 0.795107901096344, 0.5071826577186584, 1.2172819375991821, 
380, 911780268, 0.5099872350692749, -0.008818283677101135, -0.0009850281057879329, 0.8601362705230713, -0.1522783637046814, -0.10026590526103973, 10.325819969177246, 0.8430036306381226, 0.43049824237823486, 1.2656642198562622, 
381, 911796935, 0.5099877119064331, -0.008817077614367008, -0.000981021556071937, 0.8601360321044922, -0.14802727103233337, -0.10196411609649658, 10.29702091217041, 0.8786180019378662, 0.43184295296669006, 1.2244919538497925, 
382, 911813602, 0.5099769830703735, -0.00882774218916893, -0.0009811444906517863, 0.860142171382904, -0.14894920587539673, -0.10812687128782272, 10.33381175994873, 0.8137154579162598, 0.48751211166381836, 1.2450075149536133, 
383, 911830269, 0.5099741816520691, -0.008835326880216599, -0.000971458328422159, 0.860143780708313, -0.13694897294044495, -0.09037872403860092, 10.328264236450195, 0.8815378546714783, 0.5032639503479004, 1.2426000833511353, 
384, 911846936, 0.5099689960479736, -0.00883640255779028, -0.0009772153571248055, 0.8601468205451965, -0.13598644733428955, -0.11387315392494202, 10.319914817810059, 0.8141380548477173, 0.41113507747650146, 1.2479020357131958, 
385, 911863603, 0.5099665522575378, -0.008828298188745975, -0.0009676875197328627, 0.8601483106613159, -0.14964985847473145, -0.10683240741491318, 10.339221954345703, 0.9351836442947388, 0.40970075130462646, 1.2739372253417969, 
386, 911880270, 0.509954571723938, -0.008827799931168556, -0.000972938141785562, 0.8601555228233337, -0.134767085313797, -0.09801104664802551, 10.329168319702148, 0.8219882249832153, 0.402913361787796, 1.2756788730621338, 
387, 911896937, 0.5099440217018127, -0.008830294944345951, -0.0009687247802503407, 0.8601617217063904, -0.13931097090244293, -0.10110309720039368, 10.324074745178223, 0.866861879825592, 0.45375460386276245, 1.303148627281189, 
388, 911913604, 0.5099399089813232, -0.008832599967718124, -0.0009669686551205814, 0.8601641058921814, -0.14081795513629913, -0.11794750392436981, 10.342616081237793, 0.8542987108230591, 0.4448029100894928, 1.2185497283935547, 
389, 911930271, 0.509935736656189, -0.008824397809803486, -0.0009607853135094047, 0.8601666688919067, -0.13956227898597717, -0.10799822956323624, 10.315295219421387, 0.9166913032531738, 0.3989049792289734, 1.2280521392822266, 
390, 911946938, 0.5099231600761414, -0.008828453719615936, -0.0009640359785407782, 0.8601741194725037, -0.15387730300426483, -0.10314197838306427, 10.338485717773438, 0.8177109956741333, 0.43733683228492737, 1.2822484970092773, 
391, 911963605, 0.5099207162857056, -0.00882311537861824, -0.0009659602073952556, 0.860175609588623, -0.15602974593639374, -0.10415094345808029, 10.327774047851562, 0.8594085574150085, 0.38663652539253235, 1.2141444683074951, 
392, 911980272, 0.5099195837974548, -0.008815925568342209, -0.0009789604227989912, 0.8601763844490051, -0.1473720222711563, -0.10499739646911621, 10.325785636901855, 0.7999999523162842, 0.3363843858242035, 1.2102642059326172, 
393, 911996939, 0.5099342465400696, -0.008821294642984867, -0.0009763705893419683, 0.8601676225662231, -0.14342577755451202, -0.09783736616373062, 10.343953132629395, 0.8470632433891296, 0.4655364751815796, 1.1771212816238403, 
394, 912013606, 0.5099366903305054, -0.008819062262773514, -0.0009647377301007509, 0.8601661920547485, -0.15501873195171356, -0.10570861399173737, 10.335379600524902, 0.928383469581604, 0.4523842930793762, 1.2118775844573975, 
395, 912030273, 0.5099351406097412, -0.008813182823359966, -0.0009673203458078206, 0.8601671457290649, -0.15655650198459625, -0.09954415261745453, 10.331353187561035, 0.8568599820137024, 0.38141152262687683, 1.2375160455703735, 
396, 912046940, 0.5099407434463501, -0.008813049644231796, -0.0009541414328850806, 0.8601638674736023, -0.14482355117797852, -0.11572310328483582, 10.3485746383667, 0.9298050999641418, 0.470249205827713, 1.2085994482040405, 
397, 912063607, 0.5099344253540039, -0.008826341480016708, -0.0009597503230907023, 0.8601675033569336, -0.14175400137901306, -0.11350904405117035, 10.331326484680176, 0.7713904976844788, 0.4835678040981293, 1.2312281131744385, 
398, 912080274, 0.5099340081214905, -0.008833461441099644, -0.0009570759139023721, 0.8601676821708679, -0.14632229506969452, -0.09306003898382187, 10.30170726776123, 0.8417742252349854, 0.4757175147533417, 1.2580831050872803, 
399, 912096941, 0.5099363327026367, -0.00883662048727274, -0.00096327398205176, 0.8601662516593933, -0.15590213239192963, -0.11608348786830902, 10.331639289855957, 0.8032398819923401, 0.42191797494888306, 1.2285387516021729, 
400, 912113608, 0.5099328756332397, -0.008833969943225384, -0.0009583632345311344, 0.8601683378219604, -0.14786215126514435, -0.10366575419902802, 10.323649406433105, 0.8901949524879456, 0.42588794231414795, 1.2527427673339844, 
401, 912130275, 0.5099306702613831, -0.00883424561470747, -0.0009550109971314669, 0.8601696491241455, -0.14837926626205444, -0.11396454274654388, 10.325041770935059, 0.8697304725646973, 0.4380156099796295, 1.2516671419143677, 
402, 912146942, 0.509928286075592, -0.008835146203637123, -0.0009667127160355449, 0.8601710200309753, -0.14241406321525574, -0.10389329493045807, 10.345783233642578, 0.7790358662605286, 0.38928738236427307, 1.2477355003356934, 
403, 912163609, 0.5099276900291443, -0.0088344756513834, -0.0009603674989193678, 0.8601714372634888, -0.15034857392311096, -0.1017133966088295, 10.332632064819336, 0.8909761309623718, 0.44242095947265625, 1.2388606071472168, 
404, 912180276, 0.5099252462387085, -0.00882639642804861, -0.0009713764302432537, 0.8601729869842529, -0.15059082210063934, -0.11281680315732956, 10.34517765045166, 0.8144582509994507, 0.33807483315467834, 1.2619506120681763, 
